pincode,radius_km
110001,4.47
110002,1.16
110003,1.7
110005,30.0
110006,0.89
110007,1.54
110008,1.72
110009,1.07
110010,2.19
110011,0.1
110012,0.93
110013,0.45
110014,0.85
110015,1.78
110016,0.97
110017,1.17
110018,1.45
110019,2.68
110020,1.78
110021,2.19
110022,0.9
110023,0.69
110024,2.02
110025,1.0
110026,2.82
110027,0.84
110028,0.21
110029,4.32
110030,0.86
110031,1.87
110032,1.41
110033,0.88
110034,1.2
110035,1.5
110036,1.77
110037,2.22
110038,2.92
110039,0.0
110040,0.31
110041,3.08
110042,1.77
110043,30.0
110044,4.39
110045,30.0
110046,0.29
110047,2.25
110048,0.56
110049,0.88
110051,2.25
110052,1.15
110053,7.65
110054,2.07
110055,1.7
110057,0.59
110058,2.08
110059,19.92
110061,22.93
110062,0.68
110063,0.88
110064,30.0
110065,0.69
110066,0.34
110067,0.95
110068,0.0
110070,0.9
110071,22.7
110072,30.0
110073,30.0
110074,1.46
110075,1.53
110076,0.89
110077,2.08
110078,4.86
110080,0.91
110081,0.0
110082,0.0
110083,1.03
110084,1.26
110085,2.48
110086,0.58
110087,0.9
110088,1.88
110089,0.0
110090,3.7
110091,2.52
110092,3.73
110093,1.58
110094,1.08
110095,1.07
110096,0.91
121001,25.52
121002,10.03
121003,5.07
121004,30.0
121005,1.45
121006,1.71
121007,0.76
121010,30.0
121101,30.0
121102,30.0
121103,30.0
121105,30.0
121106,30.0
121107,30.0
122001,1.59
122003,1.42
122004,0.04
122006,4.33
122017,2.51
122051,0.38
122101,0.13
122102,0.96
122103,2.58
122104,0.28
122105,3.25
122107,17.61
122108,0.0
122413,0.0
122414,1.63
122502,0.42
122503,0.23
122504,7.66
122505,0.78
122506,0.16
122508,0.56
123001,6.9
123021,0.09
123023,0.02
123024,0.02
123027,0.04
123028,9.28
123029,0.36
123034,3.2
123035,0.06
123101,9.56
123102,0.14
123103,0.76
123106,0.03
123301,0.13
123302,0.02
123303,0.05
123401,4.14
123411,0.02
123412,5.25
123501,0.06
124001,28.44
124010,29.03
124021,14.23
124022,17.51
124102,8.57
124103,9.6
124104,10.94
124105,5.75
124106,9.6
124107,9.36
124108,7.08
124109,4.16
124111,8.16
124112,30.0
124113,11.16
124142,11.04
124146,12.09
124201,13.14
124202,18.19
124303,8.47
124401,13.89
124404,4.11
124406,14.01
124411,12.9
124412,8.73
124501,13.11
124504,6.7
124505,10.9
124506,3.04
124507,0.0
124508,12.35
124514,9.03
125001,30.0
125004,20.15
125005,10.55
125006,22.95
125007,1.49
125011,2.03
125033,30.0
125037,0.01
125038,0.06
125039,30.0
125042,6.14
125044,0.0
125047,6.76
125048,30.0
125049,0.03
125050,1.35
125051,3.25
125052,0.92
125053,12.17
125054,0.0
125055,0.22
125058,0.0
125060,2.44
125075,0.0
125076,0.0
125077,0.0
125078,0.88
125101,0.0
125102,0.0
125103,0.0
125104,0.15
125106,0.0
125110,0.0
125111,2.34
125112,0.0
125113,0.0
125120,6.93
125121,30.0
125133,17.99
125201,0.0
126102,6.11
126112,5.43
126114,10.0
126116,0.0
126152,0.0
127021,0.0
127022,0.0
127025,0.0
127026,1.73
127027,0.0
127028,0.0
127029,0.0
127030,0.0
127031,0.0
127032,15.98
127035,0.0
127040,0.0
127041,0.0
127042,0.0
127043,0.0
127046,0.0
127111,0.0
127114,0.0
127201,0.0
127306,0.0
127307,0.0
127308,0.0
127309,0.0
127310,0.0
127311,0.0
127312,0.0
131001,4.43
131021,0.41
131022,30.0
131023,28.36
131024,23.08
131027,0.84
131028,11.03
131029,1.95
131039,11.32
131101,3.2
131102,10.32
131103,7.29
131301,2.46
131302,30.0
131304,13.61
131305,6.15
131306,9.64
131402,0.15
131403,8.23
131408,2.62
131409,16.05
132001,26.03
132023,2.53
132024,6.96
132037,16.35
132041,22.9
132103,17.08
132104,30.0
132107,29.96
132113,30.0
132114,30.0
132115,30.0
132116,30.0
132117,15.72
132122,30.0
132140,0.87
132157,30.0
133001,7.49
133004,5.43
133005,4.91
133101,8.75
133102,9.84
133103,12.8
133104,30.0
133201,1.48
133202,3.53
133203,30.0
133204,7.63
133205,25.81
133206,0.99
133302,30.0
134003,13.21
134007,21.33
134008,30.0
134102,8.66
134107,0.0
134109,6.93
134112,10.92
134113,0.5
134118,30.0
134201,8.29
134202,3.07
134203,19.56
134204,9.38
134205,14.82
135001,30.0
135002,30.0
135003,30.0
135004,22.32
135021,30.0
135101,27.0
135102,13.05
135103,6.17
135106,28.74
135133,30.0
136020,0.0
136021,0.0
136026,0.0
136027,1.27
136030,0.0
136033,0.0
136034,0.0
136035,0.01
136042,0.0
136043,0.0
136044,0.0
136117,0.0
136118,1.67
136119,0.0
136128,0.0
136129,0.0
136130,0.0
136131,0.0
136132,0.19
136135,0.0
136136,0.0
136156,0.0
140001,30.0
140101,6.06
140102,12.13
140103,13.3
140108,5.5
140109,14.48
140110,4.24
140111,30.0
140112,30.0
140113,30.0
140114,12.01
140115,30.0
140116,14.35
140117,5.38
140118,30.0
140119,15.98
140123,15.81
140124,30.0
140125,25.6
140126,20.45
140127,30.0
140128,12.12
140133,10.37
140201,0.0
140301,30.0
140306,30.0
140307,9.0
140308,0.4
140401,21.03
140402,30.0
140405,3.32
140406,30.0
140408,7.01
140412,16.85
140413,7.77
140417,30.0
140501,3.57
140506,6.54
140507,9.89
140601,8.94
140602,23.7
140603,4.67
140701,30.0
140702,13.31
140802,5.54
140901,10.53
141001,1.49
141002,8.61
141003,1.18
141007,3.68
141008,7.86
141010,1.22
141013,1.08
141014,1.73
141015,3.63
141101,30.0
141102,30.0
141103,1.59
141104,30.0
141105,1.76
141107,30.0
141108,30.0
141109,30.0
141110,30.0
141112,12.86
141113,30.0
141114,30.0
141115,18.82
141116,27.61
141117,30.0
141118,30.0
141119,30.0
141120,30.0
141121,30.0
141122,30.0
141123,14.64
141125,30.0
141126,8.55
141127,30.0
141202,1.93
141203,30.0
141204,30.0
141205,30.0
141206,30.0
141401,30.0
141411,4.4
141412,30.0
141413,30.0
141414,3.89
141415,2.73
141416,2.64
141417,30.0
141418,30.0
141419,2.06
141421,30.0
141422,1.96
141801,7.46
142001,0.0
142002,6.58
142003,11.82
142011,11.07
142021,1.63
142022,30.0
142023,11.76
142024,30.0
142025,30.0
142026,0.95
142027,2.22
142028,15.33
142029,1.94
142030,30.0
142031,2.32
142032,3.96
142033,30.0
142034,16.47
142035,30.0
142036,12.58
142037,8.4
142038,16.58
142039,9.31
142040,17.2
142041,30.0
142042,9.68
142043,16.48
142044,9.16
142045,14.52
142046,9.08
142047,2.51
142048,22.21
142049,16.14
142050,16.37
142052,28.3
142053,10.12
142054,6.75
142055,7.29
142056,6.48
142057,30.0
142058,24.56
142060,12.26
143001,1.44
143002,2.07
143006,1.19
143008,7.45
143009,3.83
143022,5.21
143101,5.84
143102,5.21
143103,16.16
143105,4.58
143107,6.46
143108,12.6
143109,24.49
143111,4.01
143112,3.43
143113,3.64
143114,3.37
143115,14.99
143116,7.47
143117,7.42
143118,9.89
143119,7.65
143149,3.2
143201,2.95
143202,6.53
143203,6.11
143204,1.33
143205,2.74
143301,3.94
143302,10.3
143303,0.84
143304,6.36
143305,8.96
143402,4.83
143406,10.73
143407,21.29
143408,6.47
143409,30.0
143410,10.36
143411,2.58
143412,3.17
143413,30.0
143414,2.4
143415,4.65
143416,14.0
143419,9.73
143422,1.82
143501,3.68
143502,4.66
143504,16.15
143505,1.39
143506,5.99
143507,10.86
143511,4.43
143512,27.32
143513,8.83
143514,3.38
143515,3.4
143516,4.31
143517,3.36
143518,17.08
143519,3.97
143520,3.87
143521,0.0
143525,6.97
143526,5.78
143527,7.05
143528,26.33
143529,5.08
143530,4.54
143531,8.78
143532,30.0
143533,2.27
143534,5.62
143601,5.41
143602,5.75
143603,13.79
143604,11.84
143605,4.12
143606,20.17
144001,0.02
144002,4.27
144003,9.88
144004,0.4
144005,0.0
144006,0.0
144008,4.11
144009,0.0
144020,2.91
144021,6.29
144022,2.6
144024,1.71
144025,1.76
144026,0.89
144028,2.03
144029,11.59
144030,11.34
144032,16.51
144033,30.0
144034,12.34
144035,17.31
144036,11.08
144037,22.42
144039,29.9
144040,8.94
144041,29.85
144042,0.0
144043,9.61
144044,0.0
144101,2.28
144102,5.47
144103,8.59
144104,9.08
144105,30.0
144106,5.67
144201,0.14
144202,30.0
144204,30.0
144206,30.0
144207,30.0
144208,30.0
144209,30.0
144210,30.0
144211,8.04
144212,20.69
144213,20.43
144214,30.0
144216,30.0
144221,30.0
144222,26.65
144223,30.0
144224,30.0
144301,5.02
144302,20.1
144303,4.17
144305,30.0
144306,24.13
144311,30.0
144401,1.48
144402,4.89
144403,3.04
144404,30.0
144405,21.64
144406,30.0
144407,4.45
144409,7.83
144410,14.82
144411,3.6
144416,15.09
144417,21.89
144418,19.01
144419,13.23
144421,12.39
144422,18.66
144501,8.96
144502,7.04
144503,5.69
144504,9.21
144505,9.62
144506,13.74
144507,9.05
144508,0.0
144509,15.77
144510,12.33
144511,30.0
144512,11.29
144513,13.96
144514,30.0
144515,14.79
144516,12.17
144517,23.97
144518,11.03
144519,30.0
144520,30.0
144521,30.0
144522,21.23
144523,30.0
144524,30.0
144525,30.0
144526,30.0
144527,30.0
144528,30.0
144529,30.0
144530,19.49
144531,30.0
144532,30.0
144601,2.05
144603,9.28
144606,7.0
144620,22.24
144621,3.89
144622,7.42
144623,5.58
144624,4.23
144625,30.0
144626,12.21
144628,17.7
144629,30.0
144630,20.5
144631,30.0
144632,2.57
144633,2.44
144701,20.57
144702,22.47
144703,30.0
144801,5.6
144802,10.11
144803,30.0
144804,11.56
144805,12.27
144806,11.01
144819,15.53
145001,12.75
145022,9.46
145023,12.3
145024,19.74
145025,8.21
145026,11.14
145027,15.72
145029,21.6
145101,7.91
146001,0.0
146021,25.49
146022,30.0
146023,30.0
146024,30.0
146101,27.81
146102,19.08
146103,25.42
146104,28.17
146105,24.06
146106,19.49
146107,30.0
146108,30.0
146109,30.0
146110,29.58
146111,30.0
146112,30.0
146113,18.47
146114,20.28
146115,30.0
146116,30.0
147001,30.0
147002,1.61
147003,0.9
147004,24.66
147005,2.56
147006,8.35
147007,8.38
147021,4.04
147101,16.17
147102,30.0
147103,3.57
147104,21.73
147105,16.61
147111,5.52
147201,21.88
147202,6.47
147203,11.43
147301,3.13
148001,0.51
148002,30.0
148017,30.0
148018,2.83
148019,1.95
148020,30.0
148021,3.83
148022,26.38
148023,30.0
148024,30.0
148025,30.0
148026,30.0
148027,30.0
148028,30.0
148029,2.22
148030,7.0
148031,30.0
148033,30.0
148034,30.0
148035,30.0
148100,30.0
148101,30.0
148102,30.0
148103,30.0
148104,30.0
148105,30.0
148106,1.45
148107,30.0
148108,30.0
148109,30.0
151001,2.53
151002,4.62
151005,30.0
151101,11.87
151102,7.86
151103,10.79
151104,13.34
151105,18.37
151106,19.38
151108,20.21
151111,10.65
151201,30.0
151202,17.23
151203,0.0
151204,5.11
151205,10.6
151206,30.0
151207,10.62
151208,16.2
151209,4.35
151210,11.65
151211,30.0
151212,30.0
151213,7.04
151214,30.0
151301,8.11
151302,25.97
151401,12.86
151501,30.0
151502,17.37
151503,16.29
151504,11.77
151505,18.3
151506,26.57
151507,18.01
151508,30.0
151509,8.67
151510,16.19
152001,0.0
152002,3.53
152003,7.32
152004,21.02
152005,30.0
152020,15.1
152021,3.74
152022,3.2
152023,5.68
152024,7.95
152025,10.05
152026,13.27
152028,30.0
152031,27.65
152032,9.44
152033,16.9
152101,14.76
152107,29.24
152112,27.0
152113,16.16
152114,25.72
152115,18.79
152116,30.0
152117,30.0
152118,30.0
152121,10.76
152122,8.31
152123,17.61
152124,28.45
152128,30.0
152132,30.0
160001,0.28
160002,4.0
160003,4.69
160009,0.45
160011,0.4
160012,1.36
160014,4.3
160015,0.26
160018,0.28
160019,0.92
160022,0.97
160030,1.93
160036,2.56
160047,28.7
160055,30.0
160059,30.0
160062,30.0
160101,6.78
160102,5.32
171001,0.53
171002,0.45
171003,30.0
171004,15.06
171005,26.69
171006,8.64
171007,12.39
171009,11.75
171011,20.81
171012,25.23
171013,17.47
171014,30.0
171018,30.0
171019,30.0
171102,7.14
171103,16.87
171201,17.07
171202,18.12
171203,24.93
171204,19.75
171205,19.66
171206,30.0
171207,30.0
171208,16.72
171209,18.84
171210,30.0
171211,23.15
171212,1.16
171213,8.13
171214,21.07
171216,18.0
171217,12.92
171219,4.55
171220,23.46
171221,29.11
171222,30.0
171224,0.31
171225,30.0
171226,26.1
171301,24.12
172001,9.81
172002,8.31
172021,0.0
172022,0.87
172023,30.0
172024,7.44
172025,12.13
172026,30.0
172027,3.73
172029,0.62
172030,30.0
172031,1.26
172032,8.54
172033,5.34
172101,10.81
172102,2.64
172104,7.79
172105,3.94
172106,15.97
172107,0.23
172108,5.58
172109,7.23
172110,6.77
172111,10.29
172112,4.1
172113,30.0
172114,30.0
172115,13.96
172116,0.96
172117,30.0
172118,6.04
172201,16.31
173001,14.2
173021,18.97
173022,11.65
173023,7.25
173024,8.87
173025,21.06
173027,4.57
173029,22.47
173030,16.36
173031,16.0
173032,7.0
173101,6.3
173104,8.73
173204,6.9
173205,7.56
173206,7.0
173207,9.14
173208,5.98
173209,0.39
173211,2.16
173212,0.23
173213,3.41
173214,1.59
173215,2.56
173217,10.3
173218,9.59
173220,7.46
173221,5.93
173223,14.51
173225,5.85
173229,13.45
173233,28.98
173234,4.43
173235,0.39
174001,5.69
174002,29.98
174003,3.69
174004,6.25
174011,9.98
174012,1.76
174013,16.27
174015,8.33
174017,1.98
174021,3.84
174024,5.55
174026,1.94
174027,7.57
174028,9.51
174029,5.4
174030,6.6
174031,1.95
174032,2.78
174033,13.68
174034,1.96
174035,2.32
174036,0.23
174101,20.04
174102,18.59
174103,8.43
174201,4.41
174301,1.49
174302,1.39
174303,4.28
174304,11.13
174305,3.35
174306,2.11
174307,3.35
174308,2.76
174309,2.81
174310,5.13
174311,5.27
174312,7.17
174314,2.04
174315,18.71
174316,0.39
174319,2.14
174321,4.95
174405,4.98
174503,1.59
174507,4.34
175001,4.4
175002,7.37
175003,5.52
175004,8.49
175005,4.12
175006,2.98
175007,0.08
175008,2.34
175009,11.62
175010,19.28
175011,6.22
175012,3.6
175013,8.21
175014,8.5
175015,15.96
175016,14.98
175017,16.83
175018,3.44
175019,1.84
175021,3.48
175023,2.98
175024,3.73
175025,2.35
175026,1.34
175027,2.98
175028,1.3
175029,11.35
175030,2.33
175031,4.5
175032,5.44
175033,5.05
175034,7.8
175035,2.71
175036,9.14
175037,0.23
175038,18.71
175039,1.72
175040,0.03
175042,4.59
175045,2.93
175046,2.85
175047,3.63
175048,30.0
175049,3.26
175050,12.1
175052,2.78
175101,1.85
175102,2.77
175103,3.73
175104,1.81
175105,5.91
175106,4.91
175121,11.35
175123,6.81
175124,4.44
175125,4.7
175126,2.61
175128,2.43
175129,3.12
175130,0.82
175131,8.56
175132,5.91
175133,6.31
175134,3.57
175136,11.23
175138,1.29
175139,2.36
175140,10.25
175141,1.48
175142,9.35
175143,2.12
176001,14.33
176021,20.64
176022,21.26
176023,13.2
176025,14.08
176026,29.44
176027,6.76
176028,4.47
176029,25.97
176030,2.1
176031,13.16
176032,2.92
176033,1.41
176036,13.83
176037,1.51
176038,19.73
176039,10.7
176040,6.12
176041,7.06
176042,6.33
176043,5.38
176044,1.63
176045,1.74
176047,9.85
176048,1.7
176049,14.75
176051,30.0
176052,2.26
176053,15.39
176054,2.56
176055,30.0
176056,11.86
176057,1.52
176058,6.83
176059,2.33
176060,1.08
176061,2.09
176063,7.79
176064,30.0
176065,0.82
176067,1.25
176071,7.0
176073,2.29
176076,5.34
176077,10.41
176081,2.94
176082,10.44
176083,10.12
176084,8.38
176085,1.64
176086,2.06
176087,1.21
176088,1.64
176089,1.49
176090,3.11
176091,1.07
176092,1.81
176093,11.51
176094,30.0
176095,5.43
176096,2.7
176097,0.76
176098,1.71
176101,27.44
176102,1.7
176103,1.71
176107,14.56
176108,6.49
176109,30.0
176110,1.67
176111,5.99
176115,2.23
176125,3.09
176128,1.7
176200,25.26
176201,9.2
176202,16.1
176203,30.0
176204,3.2
176205,18.93
176206,10.43
176207,8.25
176208,5.12
176209,2.89
176210,12.65
176211,1.64
176213,1.41
176214,0.02
176215,0.42
176216,0.93
176217,2.4
176219,0.62
176225,15.6
176301,5.35
176302,30.0
176303,6.42
176304,0.39
176306,1.18
176308,30.0
176309,10.23
176310,0.34
176311,23.39
176312,7.19
176313,2.34
176314,22.06
176315,12.93
176316,5.82
176318,30.0
176319,14.8
176320,30.0
176321,9.62
176323,30.0
176324,8.9
176325,1.92
176326,13.8
176401,3.23
176402,2.65
176403,18.19
176501,3.0
176502,16.83
176601,4.88
177001,22.98
177005,0.56
177006,30.0
177007,10.27
177020,6.43
177022,12.09
177023,13.26
177024,2.01
177025,5.91
177026,5.85
177027,0.96
177028,5.96
177029,30.0
177031,30.0
177033,1.88
177034,30.0
177038,8.63
177039,5.98
177040,1.09
177041,5.04
177042,4.48
177043,13.16
177044,6.8
177045,0.0
177048,30.0
177103,0.0
177104,8.43
177105,7.4
177106,3.43
177107,0.02
177108,1.3
177109,3.59
177110,2.93
177111,30.0
177112,3.41
177113,10.23
177114,3.38
177117,1.77
177119,8.46
177201,0.87
177203,2.36
177204,18.97
177206,30.0
177207,1.73
177208,8.18
177209,1.42
177210,3.9
177211,2.52
177212,15.88
177213,17.57
177219,2.2
177220,1.89
177301,0.87
177401,1.49
177501,0.28
177601,1.03
180001,1.72
180002,3.12
180003,30.0
180004,0.43
180005,0.77
180006,0.68
180007,30.0
180010,0.0
180011,1.56
180012,30.0
180016,0.76
180017,2.32
181101,27.62
181102,30.0
181111,17.87
181121,1.0
181122,4.87
181123,0.23
181131,30.0
181132,30.0
181133,17.21
181141,30.0
181143,20.99
181145,30.0
181201,21.57
181202,30.0
181203,20.92
181204,4.7
181206,7.74
181207,0.08
181221,7.97
181224,28.48
182101,8.69
182146,10.45
182204,30.0
182221,6.65
182311,15.81
182320,0.05
184102,30.0
184104,12.18
184120,20.78
184121,30.0
184141,30.0
184142,30.0
184143,30.0
184144,30.0
184145,30.0
184148,30.0
184151,27.91
184152,15.19
184201,30.0
184202,30.0
184203,30.0
184204,30.0
184205,10.91
184206,30.0
185102,30.0
185133,0.0
185151,30.0
185154,24.86
185202,0.71
190001,1.08
190002,0.54
190003,6.59
190006,3.17
190008,0.56
190009,0.21
190010,0.92
190011,7.22
190015,9.55
190017,3.86
190018,2.45
191101,12.02
191103,30.0
191113,7.27
191121,5.42
191131,1.67
191201,4.29
191202,23.31
192101,25.47
192121,7.16
192122,30.0
192124,8.97
192129,19.26
192202,12.11
192210,17.16
192212,1.59
192221,25.11
192231,8.33
192232,1.09
192233,12.74
192301,2.83
192304,1.91
192306,2.26
192401,4.01
193101,9.49
193103,2.05
193108,4.32
193109,1.46
193121,5.78
193122,30.0
193123,5.85
193201,8.2
193221,19.62
193222,12.42
193223,23.14
193224,10.02
193225,8.6
193301,9.8
193302,4.99
193303,1.17
193401,3.33
193402,10.53
193404,5.08
193411,30.0
193501,7.79
193502,6.99
193503,23.3
193504,3.31
193505,9.02
194107,3.95
194109,20.85
194302,30.0
194401,30.0
201001,3.02
201002,3.11
201003,3.41
201005,1.11
201006,1.3
201008,30.0
201009,2.97
201010,4.79
201015,15.21
201102,5.81
201103,2.02
201201,30.0
201204,6.23
201206,18.05
201301,30.0
201303,30.0
201304,30.0
201305,30.0
201306,30.0
201307,30.0
201309,30.0
201310,30.0
201311,30.0
201312,30.0
201314,10.95
202001,30.0
202002,4.19
202121,7.01
202122,3.8
202123,30.0
202124,2.88
202125,30.0
202126,2.38
202127,4.0
202128,2.72
202129,1.07
202130,7.1
202131,20.03
202132,7.76
202133,4.69
202134,24.52
202135,30.0
202136,5.08
202137,13.1
202138,13.07
202139,30.0
202140,30.0
202141,7.18
202142,4.2
202143,15.0
202145,10.41
202150,30.0
202155,30.0
202165,9.0
202170,1.83
202280,30.0
202281,30.0
202282,30.0
203001,11.36
203002,3.0
203129,3.51
203131,7.85
203132,5.03
203135,8.55
203141,4.28
203150,5.3
203155,3.53
203201,9.52
203202,4.48
203203,5.74
203205,6.09
203206,11.43
203207,30.0
203209,3.09
203389,2.65
203390,7.32
203391,5.07
203392,5.46
203393,5.02
203394,30.0
203395,8.31
203396,3.72
203397,3.86
203398,8.24
203399,2.7
203401,5.48
203402,9.98
203403,7.08
203405,6.85
203407,13.16
203408,4.86
203409,10.38
203411,7.47
203412,5.17
204101,30.0
204102,30.0
204211,23.99
204212,30.0
204213,3.7
204214,30.0
204215,30.0
204216,30.0
205001,30.0
205119,23.71
205121,30.0
205247,30.0
205261,30.0
205262,30.0
205263,30.0
205264,30.0
205265,30.0
205267,14.86
205268,25.08
205301,30.0
205303,16.75
205304,30.0
206001,0.97
206002,4.49
206003,2.95
206120,3.94
206121,6.95
206122,5.12
206123,6.55
206124,3.48
206125,7.66
206126,3.96
206127,3.02
206128,4.09
206129,5.54
206130,2.65
206131,7.12
206241,4.97
206242,7.07
206243,5.55
206244,6.59
206245,5.4
206246,4.68
206247,4.36
206248,3.86
206249,4.92
206250,2.04
206251,2.71
206252,4.51
206253,5.66
206255,2.9
207001,0.38
207002,26.28
207003,7.03
207120,3.91
207121,6.4
207122,3.81
207123,4.83
207124,5.39
207125,4.39
207241,4.51
207242,7.26
207243,13.21
207244,5.66
207245,4.6
207246,5.0
207247,6.81
207248,9.74
207249,12.86
207250,3.09
207301,6.04
207302,7.33
207401,4.45
207402,3.78
207403,6.3
208001,2.97
208002,1.97
208003,0.44
208004,1.03
208005,2.08
208006,2.79
208007,5.38
208008,0.0
208009,1.09
208010,0.86
208011,3.0
208012,2.52
208013,3.51
208014,0.63
208017,5.61
208019,1.34
208020,6.3
208021,18.92
208022,3.77
208023,0.61
208024,0.91
208025,0.29
208027,0.86
209101,5.81
209111,2.82
209112,4.58
209115,5.35
209121,5.48
209125,5.73
209202,8.56
209203,8.11
209204,7.1
209205,3.22
209206,8.44
209208,2.23
209209,3.54
209210,13.87
209214,1.91
209217,0.63
209301,22.06
209302,5.32
209303,10.55
209304,0.03
209305,30.0
209306,8.92
209307,4.91
209308,30.0
209310,3.59
209311,4.25
209312,4.02
209401,0.33
209402,30.0
209502,4.5
209504,2.62
209505,0.19
209601,1.46
209602,30.0
209621,5.35
209622,30.0
209625,7.56
209651,30.0
209720,8.66
209721,5.84
209722,0.23
209723,5.7
209724,0.0
209725,0.07
209733,1.84
209736,16.33
209738,22.24
209739,30.0
209743,7.85
209749,0.47
209801,13.01
209821,10.76
209825,21.97
209827,19.33
209831,20.25
209841,24.76
209859,10.5
209860,7.93
209861,1.1
209862,4.59
209863,30.0
209864,11.52
209865,6.12
209866,12.73
209867,30.0
209868,9.67
209869,21.92
209870,12.83
209871,12.7
209881,26.65
210001,10.97
210120,16.12
210121,9.57
210123,4.57
210125,10.44
210126,7.05
210128,7.23
210129,13.94
210201,5.18
210202,5.64
210203,7.6
210204,5.5
210205,8.68
210206,7.04
210207,17.59
210208,30.0
210209,18.3
210301,20.53
210341,30.0
210421,14.16
210422,30.0
210423,12.91
210424,19.42
210425,30.0
210426,5.84
210427,6.26
210428,3.48
210429,17.35
210430,12.77
210431,30.0
210432,12.43
210433,8.59
210501,5.61
210502,8.64
210504,30.0
210505,16.33
210506,7.22
210507,10.92
211001,11.2
211002,6.75
211003,30.0
211004,0.46
211006,30.0
211007,2.29
211008,0.46
211010,3.84
211011,1.59
211012,30.0
211013,0.21
211016,1.03
211019,0.15
211020,2.78
212104,30.0
212106,15.92
212107,30.0
212108,25.36
212109,30.0
212111,5.49
212201,30.0
212202,30.0
212203,30.0
212204,30.0
212205,30.0
212206,12.55
212207,6.71
212208,5.37
212213,6.49
212214,16.9
212216,20.92
212217,10.8
212218,30.0
212301,7.18
212302,20.41
212303,13.41
212305,30.0
212306,13.93
212307,12.3
212401,27.07
212402,30.0
212404,15.5
212405,30.0
212502,30.0
212503,14.21
212507,7.27
212601,5.89
212620,3.58
212621,8.11
212622,19.02
212631,6.05
212635,1.61
212641,22.44
212645,27.65
212650,30.0
212651,26.43
212652,16.16
212653,16.21
212654,19.16
212655,20.66
212656,24.65
212657,30.0
212658,30.0
212659,3.3
212661,21.63
212663,13.61
212664,2.85
212665,4.07
221001,12.43
221002,1.63
221003,1.95
221004,20.01
221005,10.15
221006,0.55
221007,3.37
221008,3.92
221010,6.67
221011,0.59
221101,0.19
221104,8.01
221105,0.3
221106,0.48
221107,1.62
221108,2.37
221112,0.0
221115,1.3
221116,7.58
221201,0.15
221202,14.91
221204,0.23
221206,7.39
221207,9.54
221208,8.77
221301,3.15
221302,5.26
221303,5.48
221304,6.21
221305,10.78
221306,2.58
221307,6.78
221308,5.56
221309,1.29
221310,4.41
221311,4.13
221313,5.72
221314,3.74
221401,3.15
221402,0.13
221403,3.13
221404,6.79
221405,3.52
221406,7.8
221409,7.09
221502,30.0
221503,4.41
221505,30.0
221507,8.66
221508,30.0
221601,0.73
221602,0.0
221603,7.75
221701,6.61
221705,2.01
221706,0.28
221709,12.55
221711,7.46
221712,30.0
221713,5.55
221715,9.06
221716,4.29
221717,30.0
221718,0.44
222001,30.0
222002,30.0
222003,30.0
222105,30.0
222109,30.0
222125,30.0
222126,30.0
222127,30.0
222128,30.0
222129,30.0
222131,30.0
222132,30.0
222133,30.0
222135,30.0
222136,30.0
222137,30.0
222138,30.0
222139,30.0
222141,30.0
222142,30.0
222143,30.0
222144,30.0
222145,30.0
222146,30.0
222148,30.0
222149,30.0
222161,30.0
222162,30.0
222165,30.0
222170,30.0
222175,30.0
222180,30.0
222181,30.0
222201,30.0
222202,30.0
222203,30.0
222204,30.0
222301,4.8
222302,3.55
222303,30.0
223101,30.0
223102,30.0
223103,30.0
223104,30.0
223105,30.0
223221,0.11
223222,9.25
223224,0.0
223225,0.0
223226,6.65
223227,11.57
224001,9.62
224116,5.11
224117,4.17
224118,2.01
224119,3.42
224120,3.72
224121,4.55
224122,28.39
224123,30.0
224125,30.0
224126,30.0
224127,30.0
224129,0.04
224132,29.2
224133,1.35
224135,2.82
224137,30.0
224139,24.84
224141,19.01
224143,19.75
224145,30.0
224146,7.99
224147,30.0
224149,30.0
224151,9.97
224152,5.68
224153,24.56
224155,30.0
224157,30.0
224158,0.25
224159,17.98
224161,30.0
224164,4.08
224168,30.0
224171,30.0
224172,30.0
224176,30.0
224181,30.0
224182,0.04
224183,30.0
224186,30.0
224188,2.33
224189,30.0
224190,30.0
224195,30.0
224201,30.0
224202,3.63
224203,30.0
224204,2.38
224205,10.02
224206,11.15
224207,9.56
224208,14.5
224209,27.65
224210,10.23
224225,30.0
224227,30.0
224228,21.7
224229,30.0
224230,30.0
224231,30.0
224234,30.0
224235,11.93
224284,30.0
225001,20.17
225003,9.69
225119,2.24
225120,1.76
225121,30.0
225122,30.0
225123,8.66
225124,5.51
225125,4.06
225126,6.43
225201,6.78
225202,30.0
225203,20.13
225204,5.72
225205,30.0
225206,30.0
225207,11.32
225208,30.0
225301,0.91
225302,0.0
225303,0.0
225304,1.01
225305,18.25
225306,0.0
225401,5.68
225403,4.57
225404,7.61
225405,25.71
225409,6.09
225412,7.57
225413,1.94
225414,30.0
225415,3.88
225416,9.24
226001,0.91
226002,14.3
226003,1.48
226004,2.47
226005,2.36
226006,0.58
226007,0.0
226008,6.07
226009,5.31
226010,24.25
226012,3.14
226013,4.7
226016,1.26
226017,30.0
226018,1.53
226020,2.83
226021,0.32
226022,0.61
226023,4.01
226024,1.05
226026,30.0
226028,2.41
226101,10.52
226102,7.27
226103,12.61
226104,30.0
226201,4.38
226202,8.81
226203,8.79
226301,14.52
226302,30.0
226303,13.45
226401,13.88
226501,8.92
227304,10.33
227405,30.0
227406,30.0
227407,8.66
227408,8.86
227409,30.0
227411,30.0
227412,0.0
227413,20.26
227801,7.83
227805,30.0
227806,20.23
227807,7.11
227808,4.27
227809,30.0
227811,30.0
227812,9.66
227813,30.0
227814,30.0
227815,16.8
227816,30.0
228001,30.0
228118,1.39
228119,30.0
228120,6.67
228121,30.0
228125,30.0
228131,16.71
228132,5.92
228133,30.0
228141,6.58
228142,30.0
228145,8.86
228151,8.75
228155,14.83
228159,30.0
228161,30.0
228171,30.0
228172,23.85
229001,30.0
229010,28.31
229103,30.0
229121,30.0
229122,30.0
229123,30.0
229124,25.2
229125,30.0
229126,30.0
229127,30.0
229128,30.0
229129,30.0
229130,30.0
229135,30.0
229201,30.0
229202,30.0
229203,30.0
229204,30.0
229205,30.0
229206,30.0
229207,30.0
229208,30.0
229210,11.97
229211,30.0
229212,30.0
229215,30.0
229216,30.0
229301,30.0
229302,30.0
229303,30.0
229304,30.0
229305,26.15
229306,30.0
229307,30.0
229308,30.0
229309,30.0
229310,30.0
229311,30.0
229316,30.0
229401,30.0
229402,30.0
229404,30.0
229405,30.0
229406,30.0
229408,30.0
229410,30.0
229411,30.0
229412,30.0
229413,0.43
229801,30.0
229802,30.0
230001,0.55
230002,30.0
230121,30.0
230124,30.0
230125,30.0
230126,30.0
230127,30.0
230128,30.0
230129,30.0
230131,30.0
230132,30.0
230133,2.33
230134,30.0
230135,30.0
230136,30.0
230137,30.0
230138,30.0
230139,30.0
230141,30.0
230142,30.0
230143,30.0
230144,30.0
230201,30.0
230202,30.0
230204,30.0
230301,30.0
230302,30.0
230304,30.0
230306,30.0
230401,30.0
230402,30.0
230403,30.0
230404,30.0
230405,30.0
230501,30.0
230502,30.0
230503,30.0
231001,11.42
231205,15.43
231206,0.27
231207,14.29
231208,15.99
231210,30.0
231211,30.0
231212,30.0
231213,5.91
231215,8.65
231216,29.2
231217,10.93
231218,13.09
231219,4.26
231221,13.75
231222,26.04
231223,19.89
231225,30.0
231226,20.05
231301,30.0
231302,22.2
231303,12.09
231304,9.82
231305,30.0
231306,9.97
231307,7.75
231309,30.0
231312,2.74
231313,30.0
231314,10.52
231501,9.26
232101,4.46
232102,17.77
232103,1.62
232104,2.02
232105,11.13
232106,30.0
232107,9.64
232108,10.88
232109,4.48
232110,3.4
232111,30.0
232118,5.26
232120,15.09
232326,0.36
232327,0.47
232329,1.55
233001,0.93
233227,0.89
233304,17.77
241001,22.22
241121,30.0
241122,8.7
241123,30.0
241124,18.31
241125,6.18
241126,30.0
241201,22.12
241202,5.47
241203,30.0
241204,10.51
241301,7.89
241302,7.93
241303,8.56
241304,8.06
241305,3.59
241401,15.8
241402,20.56
241403,8.85
241404,6.03
241405,6.09
241406,7.99
241407,5.42
242001,0.09
242021,30.0
242042,0.14
242127,0.09
242220,0.3
242221,0.07
242223,0.09
242226,0.35
242301,0.09
242303,4.86
242305,0.15
242306,0.13
242307,0.38
242401,0.1
242405,3.95
242406,0.15
242407,2.28
243001,2.57
243002,30.0
243003,20.9
243005,7.27
243006,2.54
243122,12.88
243123,17.74
243126,15.31
243201,12.39
243202,8.9
243203,17.01
243301,30.0
243302,15.01
243303,30.0
243401,22.19
243402,30.0
243403,3.41
243407,8.44
243501,14.58
243502,30.0
243503,23.27
243504,30.0
243505,14.19
243506,30.0
243601,8.39
243630,6.44
243631,6.04
243632,9.94
243633,6.14
243634,4.95
243635,7.44
243636,6.45
243637,16.13
243638,19.85
243639,4.17
243641,9.11
243720,4.45
243722,19.09
243723,25.36
243724,7.45
243725,17.22
243726,4.07
243727,27.91
243751,18.83
244001,30.0
244102,30.0
244104,0.0
244105,3.02
244221,0.46
244222,0.0
244225,0.0
244231,0.0
244235,0.0
244236,5.17
244241,0.0
244242,8.43
244251,0.0
244255,9.6
244301,0.0
244302,0.06
244303,0.01
244304,8.55
244401,0.0
244402,0.0
244410,0.01
244411,8.77
244412,7.27
244413,11.67
244414,0.0
244415,0.0
244501,0.0
244504,11.71
244601,5.89
244602,0.0
244701,0.96
244712,30.0
244713,26.22
244715,30.0
244716,20.31
244901,3.63
244921,1.5
244922,0.33
244923,30.0
244924,10.46
244925,0.0
244927,6.02
245101,30.0
245201,30.0
245205,30.0
245206,4.85
245207,30.0
245208,30.0
245301,4.19
245304,17.86
246001,0.39
246113,2.3
246121,3.41
246123,0.03
246124,2.54
246125,30.0
246127,0.03
246128,1.64
246129,6.51
246130,0.83
246131,0.61
246141,6.27
246144,3.6
246146,9.56
246147,0.01
246148,30.0
246149,3.04
246155,0.78
246159,0.71
246161,0.04
246162,0.01
246163,4.13
246164,7.53
246165,1.47
246166,0.38
246167,14.08
246169,30.0
246171,7.34
246172,0.11
246173,0.03
246174,1.32
246175,3.68
246176,1.3
246177,0.01
246179,4.21
246193,0.72
246194,2.14
246275,0.68
246276,0.27
246277,0.44
246278,0.15
246279,14.18
246285,1.15
246401,30.0
246419,8.79
246421,30.0
246422,2.62
246424,3.74
246425,4.75
246426,25.0
246427,8.01
246428,30.0
246429,6.18
246431,2.72
246435,19.53
246439,13.81
246440,30.0
246441,9.09
246442,13.62
246443,26.62
246444,29.27
246446,11.67
246449,9.4
246453,3.06
246455,14.98
246469,16.39
246471,12.57
246472,17.15
246473,7.98
246474,2.39
246475,26.58
246481,14.37
246482,2.02
246483,0.13
246486,30.0
246487,1.41
246488,5.63
246495,18.73
246701,30.0
246721,30.0
246722,30.0
246723,1.88
246724,30.0
246725,30.0
246726,30.0
246727,30.0
246728,30.0
246729,19.86
246731,30.0
246732,30.0
246733,30.0
246734,30.0
246735,30.0
246736,30.0
246745,30.0
246746,30.0
246747,30.0
246749,30.0
246761,30.0
246762,30.0
246763,21.84
246764,30.0
247001,6.02
247120,4.7
247121,11.22
247129,4.68
247231,3.54
247232,5.46
247340,8.21
247341,5.92
247342,4.39
247451,6.27
247452,5.78
247453,7.89
247551,4.26
247554,6.57
247656,14.62
247661,25.75
247662,8.03
247663,12.09
247664,2.61
247665,5.4
247666,23.02
247667,30.0
247668,13.88
247669,3.29
247670,1.73
247671,24.64
247771,15.4
247772,8.01
247773,14.73
247774,30.0
247775,30.0
247776,19.64
247777,30.0
247778,9.99
248001,4.17
248002,10.6
248003,6.52
248005,2.74
248006,0.62
248007,6.71
248008,13.48
248009,2.8
248012,1.9
248013,2.13
248014,5.58
248016,10.22
248121,30.0
248123,18.18
248124,21.68
248125,4.98
248140,8.07
248142,4.35
248143,12.17
248145,11.1
248158,19.0
248159,17.66
248165,13.87
248171,2.3
248179,2.24
248196,23.84
248197,14.43
248198,13.27
248199,14.46
249001,6.58
249121,10.67
249122,5.81
249123,30.0
249125,6.09
249126,1.92
249127,30.0
249128,20.56
249130,3.42
249131,22.43
249132,6.6
249135,10.83
249137,9.44
249141,10.1
249145,7.6
249146,4.97
249151,7.05
249152,3.54
249155,5.51
249161,6.16
249165,8.8
249171,7.29
249175,11.68
249180,4.84
249181,4.67
249185,12.75
249186,3.96
249192,8.37
249193,11.2
249194,30.0
249196,6.55
249199,4.38
249201,18.56
249202,0.97
249204,30.0
249205,0.75
249301,0.31
249304,11.59
249306,6.79
249401,5.04
249402,7.35
249403,1.76
249404,1.59
249405,5.69
249407,30.0
249408,30.0
250001,11.44
250002,5.39
250003,0.59
250004,3.02
250101,8.07
250103,24.79
250104,11.75
250106,2.41
250110,16.77
250205,3.68
250221,2.74
250222,6.26
250223,2.92
250341,3.47
250342,6.91
250344,3.46
250345,5.04
250401,7.18
250402,1.83
250404,6.83
250406,10.13
250501,4.11
250502,6.75
250601,2.93
250606,6.42
250609,2.84
250611,16.31
250615,4.59
250617,4.71
250619,5.49
250620,2.41
250621,2.1
250622,3.36
250623,4.0
250625,3.1
250626,3.49
251001,6.5
251002,0.8
251003,2.91
251201,6.27
251202,3.44
251203,6.9
251301,6.97
251305,7.4
251306,5.02
251307,4.13
251308,5.44
251309,6.17
251310,3.28
251311,9.62
251314,8.01
251315,4.46
251316,12.6
251318,8.56
251319,6.73
251320,17.69
251327,4.04
261001,8.78
261121,0.13
261125,6.31
261131,4.19
261135,0.68
261136,1.98
261141,16.45
261145,1.99
261151,5.32
261201,0.05
261202,5.36
261203,0.12
261204,30.0
261205,6.12
261206,10.7
261207,1.54
261208,4.03
261301,0.02
261302,3.56
261303,0.02
261401,3.99
261402,15.14
261403,4.39
261404,11.23
261405,1.21
261501,29.48
261502,19.19
261505,30.0
261506,7.82
262001,10.38
262121,9.81
262122,20.34
262123,18.53
262124,6.98
262201,21.35
262202,8.55
262203,20.29
262302,30.0
262305,14.45
262308,30.0
262310,19.1
262311,30.0
262401,8.31
262402,6.19
262405,20.71
262406,22.96
262501,11.51
262502,1.29
262520,3.01
262521,4.92
262522,30.0
262523,12.24
262524,9.72
262525,5.34
262527,10.71
262528,11.48
262529,16.11
262530,3.97
262531,7.57
262532,17.06
262533,22.2
262534,3.46
262540,5.79
262541,30.0
262542,2.84
262543,4.8
262544,30.0
262545,30.0
262546,3.17
262547,30.0
262550,0.67
262551,30.0
262552,7.83
262553,21.19
262554,30.0
262555,9.08
262561,12.43
262572,30.0
262576,4.95
262580,17.17
262701,28.58
262702,2.78
262721,4.65
262722,22.49
262723,13.99
262724,13.75
262725,4.27
262726,19.25
262727,9.13
262728,8.82
262801,12.58
262802,14.09
262803,21.9
262804,23.84
262805,8.28
262901,15.93
262902,15.37
262903,9.66
262904,16.01
262905,30.0
262906,10.78
262907,30.0
262908,8.08
263001,2.63
263126,24.38
263127,1.42
263128,2.04
263132,10.95
263134,28.76
263135,8.1
263136,20.28
263137,7.55
263138,30.0
263139,12.45
263140,8.79
263145,2.34
263148,18.01
263152,20.46
263153,30.0
263157,28.35
263158,10.6
263159,14.44
263160,10.08
263601,5.05
263619,28.61
263621,6.17
263622,23.93
263623,26.27
263624,7.15
263625,5.71
263626,15.44
263628,10.08
263629,2.01
263630,4.44
263631,2.67
263632,3.32
263633,8.27
263634,3.38
263635,13.91
263636,5.79
263637,9.06
263638,2.59
263639,3.96
263640,15.67
263641,5.73
263642,4.36
263643,5.07
263645,6.86
263646,12.38
263652,2.2
263653,7.06
263655,6.45
263656,5.39
263658,1.97
263659,17.13
263660,11.51
263661,2.28
263663,10.43
263664,21.35
263665,18.6
263667,4.68
263676,21.36
263678,0.19
263679,4.7
263680,11.29
271001,0.46
271002,3.92
271003,7.55
271122,4.98
271123,9.09
271124,30.0
271125,4.16
271126,3.04
271129,30.0
271201,30.0
271202,21.76
271203,12.52
271204,5.43
271205,15.2
271206,6.91
271207,11.89
271208,8.71
271209,10.28
271210,15.37
271215,6.56
271301,5.14
271302,30.0
271303,30.0
271305,30.0
271306,4.61
271307,30.0
271309,4.13
271310,15.5
271311,3.95
271312,30.0
271313,30.0
271319,30.0
271401,4.51
271402,4.65
271403,6.38
271502,6.26
271503,5.2
271504,8.57
271601,3.71
271602,4.63
271603,8.27
271604,8.03
271607,4.18
271609,12.13
271801,0.55
271802,30.0
271803,30.0
271804,21.63
271805,12.55
271806,6.27
271821,30.0
271824,15.88
271825,27.03
271830,15.94
271831,13.18
271835,6.98
271840,21.96
271841,24.25
271845,6.45
271851,7.96
271855,9.59
271861,16.03
271865,2.68
271870,18.93
271871,12.75
271872,7.68
271875,30.0
271881,30.0
271882,16.01
271901,21.38
271902,2.29
271903,30.0
271904,17.62
272001,0.97
272002,5.38
272123,30.0
272124,1.02
272125,5.51
272126,0.0
272127,30.0
272128,0.0
272129,0.66
272130,0.0
272131,2.47
272148,3.19
272150,2.14
272151,12.95
272152,11.09
272153,30.0
272154,0.0
272155,30.0
272161,30.0
272162,6.1
272163,0.0
272164,30.0
272165,3.21
272171,0.0
272172,0.0
272173,3.83
272175,0.61
272176,18.63
272177,30.0
272178,0.0
272181,0.0
272182,0.07
272189,0.0
272190,0.0
272191,0.02
272192,1.23
272193,30.0
272194,30.0
272195,30.0
272199,30.0
272201,10.97
272202,1.26
272203,0.0
272204,0.0
272205,2.22
272206,0.94
272207,0.0
272208,2.96
272270,0.0
272271,0.0
272301,0.01
272302,0.0
273001,1.69
273002,30.0
273005,0.71
273007,30.0
273008,2.42
273010,3.41
273012,1.75
273013,30.0
273014,9.73
273015,3.15
273016,9.71
273151,30.0
273152,1.4
273155,30.0
273157,30.0
273158,7.9
273161,24.39
273162,19.62
273163,30.0
273164,8.55
273165,7.04
273201,7.15
273202,4.22
273203,0.1
273207,30.0
273209,24.44
273211,7.56
273212,28.15
273213,16.7
273301,3.18
273302,30.0
273303,27.67
273304,2.38
273305,6.38
273306,30.0
273308,0.43
273309,30.0
273310,2.01
273311,30.0
273401,30.0
273402,30.0
273403,30.0
273404,29.47
273405,30.0
273406,0.81
273407,18.81
273408,27.07
273409,9.54
273411,30.0
273412,30.0
273413,30.0
274001,16.68
274149,7.21
274182,0.0
274201,13.96
274202,24.55
274203,16.99
274204,5.77
274205,30.0
274206,9.57
274207,1.68
274208,11.44
274301,7.68
274302,18.61
274303,14.17
274305,11.4
274306,10.91
274307,15.49
274308,18.83
274309,18.83
274401,5.02
274402,7.21
274404,10.15
274405,30.0
274406,30.0
274407,21.68
274408,0.46
274409,0.89
274501,9.2
274502,11.54
274505,13.85
274506,16.99
274508,22.42
274509,17.42
274601,10.12
274602,14.93
274603,5.23
274604,10.28
274701,21.77
274702,8.05
274703,30.0
274704,15.16
274705,23.07
274801,30.0
274802,30.0
274806,30.0
274807,16.67
274808,18.28
275101,1.03
275102,30.0
275103,3.92
275105,0.0
275301,30.0
275302,30.0
275304,30.0
275305,30.0
275307,20.18
276001,1.73
276122,30.0
276123,30.0
276124,30.0
276125,30.0
276127,30.0
276128,30.0
276129,11.41
276131,1.94
276135,30.0
276136,30.0
276137,30.0
276138,30.0
276139,30.0
276140,30.0
276141,30.0
276142,30.0
276143,11.87
276201,30.0
276202,30.0
276203,30.0
276204,30.0
276205,30.0
276206,30.0
276207,30.0
276208,30.0
276288,8.1
276301,30.0
276302,30.0
276303,30.0
276304,0.0
276305,2.33
276306,30.0
276402,30.0
276403,30.0
276406,11.38
277001,23.71
277121,11.39
277123,4.27
277124,11.29
277201,8.28
277202,3.05
277203,4.0
277204,4.26
277205,2.91
277207,5.25
277208,7.25
277209,6.08
277210,28.39
277211,4.94
277213,2.02
277214,17.26
277216,9.22
277219,3.22
277301,6.65
277302,10.03
277303,3.85
277304,3.16
277401,5.83
277402,6.68
277403,4.12
277501,6.3
277502,1.89
277503,30.0
277504,0.69
277506,1.94
281001,7.81
281003,4.32
281004,0.47
281005,2.79
281006,30.0
281104,10.73
281121,13.4
281122,2.98
281123,7.94
281201,13.01
281202,4.07
281203,18.75
281204,2.85
281205,7.26
281206,0.36
281301,2.24
281302,13.33
281305,2.72
281306,8.78
281307,5.23
281308,16.12
281401,1.98
281403,8.86
281404,7.73
281405,7.51
281406,27.64
281501,6.19
281502,5.8
281504,7.71
282001,8.25
282002,8.29
282003,7.98
282004,9.43
282005,6.86
282006,7.25
282007,10.36
282009,4.01
282010,9.85
283101,4.74
283102,4.82
283103,30.0
283104,7.42
283105,5.65
283110,15.41
283111,13.13
283112,3.85
283113,16.4
283114,7.77
283115,7.46
283119,8.76
283121,30.0
283122,7.57
283123,6.31
283124,5.36
283125,9.75
283126,7.49
283130,30.0
283135,30.0
283136,30.0
283141,30.0
283142,30.0
283145,30.0
283151,30.0
283152,30.0
283201,4.95
283202,3.51
283203,30.0
283204,30.0
283206,30.0
283207,30.0
284001,0.72
284002,0.3
284003,2.69
284121,11.56
284122,30.0
284127,9.37
284128,1.36
284201,12.51
284202,13.4
284203,9.66
284204,11.5
284205,5.3
284206,6.28
284301,13.04
284302,5.51
284303,7.97
284304,30.0
284306,4.94
284401,30.0
284403,13.8
284405,5.59
284419,8.18
285001,30.0
285121,30.0
285122,30.0
285123,13.61
285124,7.39
285125,21.25
285126,13.18
285127,20.38
285128,0.82
285129,11.92
285130,7.92
285201,4.98
285202,27.08
285203,30.0
285204,13.77
285205,14.92
285206,6.4
285223,7.08
301001,30.0
301018,30.0
301019,1.71
301020,30.0
301021,7.18
301022,18.86
301023,5.55
301024,12.24
301025,16.11
301026,28.12
301027,30.0
301028,25.29
301030,7.58
301035,30.0
301401,18.03
301402,30.0
301403,11.0
301404,30.0
301405,30.0
301406,5.23
301407,30.0
301408,30.0
301409,23.47
301410,18.43
301411,30.0
301412,20.65
301413,18.84
301414,10.94
301415,27.74
301427,28.76
301604,30.0
301701,30.0
301702,30.0
301703,18.92
301704,4.58
301705,3.75
301706,30.0
301707,30.0
301708,30.0
301709,2.51
301713,11.25
301714,1.59
302001,0.79
302002,3.12
302003,0.97
302004,1.27
302005,0.62
302006,0.98
302012,5.31
302013,30.0
302015,0.76
302016,30.0
302017,5.74
302020,1.64
302022,2.73
302026,2.13
302027,30.0
302028,7.15
302029,30.0
302031,30.0
302033,9.52
302039,2.06
302041,8.43
303001,30.0
303002,30.0
303004,30.0
303005,30.0
303006,30.0
303007,30.0
303008,30.0
303009,30.0
303012,30.0
303102,30.0
303103,30.0
303105,30.0
303108,30.0
303109,30.0
303110,30.0
303119,21.35
303120,20.31
303124,30.0
303301,30.0
303302,30.0
303303,30.0
303304,30.0
303305,30.0
303313,30.0
303323,30.0
303325,30.0
303326,30.0
303328,30.0
303338,30.0
303348,30.0
303501,15.93
303502,30.0
303503,30.0
303504,30.0
303505,30.0
303506,18.17
303507,7.35
303508,30.0
303509,30.0
303510,25.5
303511,6.25
303601,30.0
303602,28.07
303603,30.0
303604,17.99
303701,30.0
303702,21.97
303704,30.0
303706,30.0
303712,27.4
303801,30.0
303803,30.0
303804,30.0
303807,30.0
303901,5.63
303903,30.0
303904,30.0
303905,30.0
303908,30.0
304001,30.0
304021,30.0
304022,30.0
304023,30.0
304024,30.0
304025,30.0
304026,30.0
304501,5.01
304502,30.0
304503,30.0
304504,30.0
304505,30.0
304507,30.0
304801,30.0
304802,30.0
304803,20.35
304804,30.0
305001,2.81
305002,13.59
305003,18.79
305004,30.0
305005,2.32
305007,30.0
305012,0.55
305021,5.88
305022,18.81
305023,30.0
305024,30.0
305025,30.0
305026,3.13
305201,19.87
305202,30.0
305203,3.69
305204,10.13
305205,30.0
305206,4.72
305207,5.12
305401,9.89
305402,30.0
305403,0.06
305404,1.1
305405,22.56
305406,22.88
305407,17.31
305408,30.0
305412,15.52
305415,1.86
305601,9.76
305621,4.92
305622,1.26
305623,18.46
305624,30.0
305625,13.98
305627,6.37
305628,2.88
305629,30.0
305630,3.59
305631,9.43
305801,17.35
305802,30.0
305811,14.75
305812,4.04
305813,21.62
305814,21.54
305815,2.99
305816,30.0
305819,30.0
305901,23.54
305921,6.66
305922,0.56
305923,10.2
305924,28.78
305925,27.99
305926,30.0
305927,9.33
306001,20.58
306021,30.0
306022,4.01
306023,3.67
306101,28.95
306102,7.88
306103,5.98
306104,3.31
306105,5.8
306114,30.0
306115,17.0
306116,3.51
306119,17.35
306126,30.0
306301,9.18
306302,8.63
306303,3.28
306304,0.9
306305,4.18
306306,30.0
306307,4.38
306308,6.11
306401,20.2
306421,13.59
306422,13.87
306501,30.0
306502,24.43
306503,21.01
306504,1.24
306601,10.38
306602,17.49
306603,30.0
306701,0.31
306702,6.79
306703,2.24
306704,12.57
306705,4.4
306706,5.67
306707,5.17
306708,12.08
306709,30.0
306901,30.0
306902,8.92
306912,9.0
307001,6.54
307019,1.39
307022,6.65
307023,4.51
307024,6.05
307025,17.68
307026,10.58
307027,10.84
307028,4.95
307029,30.0
307030,9.19
307031,23.66
307032,18.57
307043,6.42
307501,1.77
307510,5.5
307511,4.65
307512,5.48
307513,17.28
307514,6.57
307515,5.18
307801,9.62
307802,7.19
307803,30.0
311001,19.88
311011,10.79
311021,3.38
311022,4.98
311023,22.0
311024,8.41
311025,9.01
311026,17.73
311030,11.44
311201,24.73
311202,18.27
311203,28.81
311204,14.16
311301,13.05
311302,22.72
311401,23.64
311402,13.71
311403,10.76
311404,9.25
311407,27.83
311408,9.86
311601,6.46
311602,23.99
311603,12.36
311604,26.28
311605,15.26
311606,15.09
311801,19.56
311802,11.59
311803,11.37
311804,20.09
311805,14.54
311806,13.79
312001,0.6
312021,15.98
312022,27.93
312023,14.27
312024,30.0
312025,4.86
312027,21.12
312201,30.0
312202,11.97
312203,5.09
312204,25.3
312205,28.83
312206,17.99
312207,7.25
312401,24.5
312402,30.0
312403,16.52
312404,10.61
312601,13.31
312602,3.67
312603,13.1
312604,7.98
312605,30.0
312606,2.53
312612,15.07
312613,19.02
312614,5.57
312615,30.0
312616,30.0
312619,30.0
312620,11.01
312623,30.0
312624,11.85
312625,7.71
312626,17.66
312901,26.45
313001,15.35
313003,19.02
313011,30.0
313022,3.89
313024,3.6
313026,8.3
313027,7.86
313031,6.75
313038,6.91
313201,4.59
313202,4.59
313203,7.95
313204,6.81
313205,27.9
313206,30.0
313207,3.68
313211,22.94
313301,8.66
313321,22.82
313322,15.84
313323,5.84
313324,17.28
313325,9.37
313327,16.64
313328,11.89
313329,5.83
313330,29.8
313331,13.49
313332,28.1
313333,7.67
313334,8.43
313341,4.6
313342,2.73
313601,13.71
313602,6.05
313603,15.11
313604,9.01
313701,6.13
313702,9.64
313703,10.08
313704,8.12
313705,7.53
313706,6.36
313708,16.0
313801,9.9
313802,6.01
313803,7.94
313804,7.97
313901,4.4
313902,6.45
313903,7.04
313904,2.0
313905,8.82
313906,16.7
314001,21.17
314011,9.17
314021,4.02
314022,15.72
314023,3.79
314024,9.97
314025,3.14
314026,2.21
314027,7.23
314028,16.39
314029,3.75
314030,10.04
314031,3.62
314032,3.99
314034,7.14
314035,4.67
314036,8.91
314037,6.5
314038,4.74
314401,8.75
314402,10.64
314403,4.23
314404,7.98
314406,4.92
314801,5.94
314804,4.48
321001,30.0
321021,7.41
321022,19.96
321023,30.0
321024,21.11
321025,9.88
321026,6.99
321028,6.39
321201,30.0
321202,30.0
321203,11.23
321204,30.0
321205,15.08
321206,30.0
321301,14.36
321302,30.0
321303,30.0
321401,6.23
321402,3.46
321403,12.46
321404,6.7
321405,6.44
321406,16.45
321407,9.46
321408,4.91
321409,9.62
321410,30.0
321411,6.63
321601,17.52
321602,11.49
321605,11.84
321606,7.23
321607,30.0
321608,30.0
321609,4.28
321610,30.0
321611,8.21
321612,30.0
321613,29.37
321614,30.0
321615,18.7
321633,16.81
321642,12.17
322001,18.88
322021,30.0
322023,30.0
322024,30.0
322025,30.0
322026,30.0
322027,4.79
322028,17.6
322029,15.69
322030,16.16
322033,30.0
322034,16.5
322201,30.0
322202,30.0
322203,30.0
322204,30.0
322205,7.62
322211,30.0
322212,30.0
322213,30.0
322214,30.0
322215,5.1
322216,30.0
322218,5.78
322219,30.0
322220,30.0
322230,30.0
322234,17.49
322236,30.0
322238,4.93
322240,30.0
322241,30.0
322242,30.0
322243,30.0
322249,19.8
322251,16.08
322252,12.64
322254,30.0
322255,30.0
322701,7.72
322702,30.0
322703,3.62
322704,2.73
323001,30.0
323021,30.0
323022,30.0
323023,3.22
323024,30.0
323025,30.0
323026,30.0
323301,30.0
323304,25.44
323306,7.9
323307,13.6
323602,30.0
323603,30.0
323613,30.0
323614,30.0
323616,30.0
323801,30.0
323802,30.0
323803,30.0
324001,0.95
324002,2.53
324003,1.7
324005,0.96
324006,0.86
324007,0.83
324008,2.03
324010,10.05
325001,30.0
325003,16.53
325004,11.05
325009,22.52
325201,30.0
325202,18.85
325203,5.22
325204,20.13
325205,10.39
325206,12.9
325207,23.97
325208,30.0
325209,19.63
325214,21.19
325215,18.75
325216,17.0
325217,20.34
325218,30.0
325219,8.04
325220,30.0
325221,25.69
325222,6.86
325223,18.56
325224,12.54
325601,15.99
325602,30.0
326001,17.28
326021,8.14
326022,13.08
326023,17.68
326033,10.26
326034,30.0
326035,19.36
326036,23.42
326037,30.0
326038,8.04
326039,25.96
326501,17.4
326502,18.52
326512,20.91
326513,29.92
326514,30.0
326515,8.64
326516,30.0
326517,30.0
326518,30.0
326519,4.54
326520,1.71
326529,30.0
326530,2.38
327001,19.92
327021,5.53
327022,8.39
327023,7.33
327025,10.58
327026,8.66
327027,6.19
327031,8.03
327032,21.7
327034,6.3
327601,9.36
327602,8.75
327603,3.42
327604,6.87
327605,3.47
327606,11.52
327801,18.04
328001,30.0
328021,7.58
328022,30.0
328023,4.48
328024,5.53
328025,6.3
328026,7.19
328027,30.0
328028,8.04
328029,6.31
328030,7.75
328031,12.12
328041,5.11
331001,12.2
331021,3.25
331022,13.99
331023,13.97
331024,4.9
331025,2.7
331026,5.1
331027,11.84
331028,5.61
331029,7.05
331030,2.14
331031,14.75
331301,5.81
331302,12.7
331303,12.87
331304,25.83
331305,22.45
331402,7.83
331403,19.97
331411,12.27
331501,2.57
331502,1.7
331503,3.55
331504,15.83
331505,15.85
331506,11.23
331507,15.14
331517,11.71
331518,23.39
331701,10.91
331801,30.0
331802,14.06
331803,30.0
331811,30.0
332001,3.12
332002,4.99
332021,17.21
332023,20.24
332024,4.3
332025,4.59
332026,3.63
332027,4.66
332028,4.66
332029,4.16
332030,4.0
332031,4.62
332041,4.73
332042,3.99
332301,9.36
332302,13.61
332303,9.93
332304,3.33
332305,26.97
332307,2.62
332311,8.89
332312,6.38
332315,4.53
332316,3.96
332317,17.74
332318,6.5
332401,4.31
332402,6.19
332403,4.14
332404,4.76
332405,4.72
332406,4.99
332411,30.0
332601,9.05
332602,7.32
332603,4.2
332701,7.21
332702,3.61
332703,2.83
332705,7.19
332706,21.56
332707,25.14
332708,5.42
332709,6.63
332710,12.67
332711,30.0
332712,2.23
332713,4.89
332714,6.56
332715,4.9
332716,13.9
332718,7.49
332719,3.1
332721,19.88
332722,4.87
332742,10.06
332746,3.71
333001,7.43
333011,5.8
333012,10.71
333021,5.45
333022,6.38
333023,4.49
333024,5.55
333025,4.77
333026,12.72
333027,3.45
333028,4.01
333029,5.05
333030,3.01
333031,7.97
333032,2.57
333033,30.0
333034,4.2
333035,3.04
333036,5.43
333041,4.69
333042,5.62
333053,4.09
333302,3.52
333303,4.15
333304,3.71
333305,4.19
333307,4.33
333308,13.01
333501,13.28
333502,5.29
333503,5.09
333504,7.92
333514,5.1
333515,7.06
333516,5.72
333701,2.34
333704,5.1
333705,3.49
333707,4.07
333801,30.0
334001,19.7
334004,0.94
334006,6.12
334021,30.0
334022,12.77
334023,30.0
334201,7.07
334202,7.88
334302,18.87
334303,23.25
334305,30.0
334402,30.0
334601,11.72
334602,23.12
334603,18.41
334604,30.0
334801,11.03
334802,13.66
334803,25.85
334804,30.0
334808,0.0
335001,15.32
335002,5.97
335021,30.0
335022,30.0
335023,30.0
335024,30.0
335025,30.0
335027,30.0
335037,23.25
335038,30.0
335039,19.14
335040,8.16
335041,30.0
335051,30.0
335061,30.0
335062,17.63
335063,21.14
335064,30.0
335065,30.0
335073,30.0
335501,30.0
335502,30.0
335503,30.0
335504,30.0
335511,30.0
335512,17.12
335513,17.56
335523,20.92
335524,22.24
335525,1.1
335526,7.28
335701,30.0
335702,30.0
335703,17.34
335704,14.19
335705,30.0
335707,30.0
335708,12.28
335711,28.31
335801,3.56
335802,30.0
335803,30.0
335804,30.0
335805,30.0
335901,10.42
341001,30.0
341021,30.0
341022,10.39
341023,24.39
341024,12.14
341025,24.0
341026,10.1
341027,15.8
341028,18.66
341029,30.0
341030,4.02
341031,30.0
341301,30.0
341302,30.0
341303,30.0
341304,30.0
341305,30.0
341306,2.77
341316,30.0
341317,9.06
341318,5.34
341319,5.06
341501,19.8
341502,6.36
341503,30.0
341504,15.76
341505,7.42
341506,30.0
341507,4.9
341508,30.0
341509,30.0
341510,30.0
341511,9.08
341512,30.0
341513,30.0
341514,20.61
341515,30.0
341516,10.47
341517,30.0
341518,9.36
341519,8.24
341520,30.0
341533,30.0
341542,30.0
341551,30.0
342001,5.0
342003,2.07
342005,1.62
342006,2.37
342008,30.0
342011,0.97
342013,30.0
342014,13.49
342015,24.81
342021,3.2
342022,27.19
342023,14.74
342024,6.04
342025,0.85
342027,4.62
342028,1.8
342029,30.0
342037,30.0
342301,13.61
342302,1.9
342303,4.75
342304,3.14
342305,1.76
342306,15.93
342307,14.89
342308,4.02
342309,1.98
342310,30.0
342311,2.51
342312,0.6
342314,30.0
342601,6.31
342602,2.32
342603,25.57
342604,0.97
342605,7.0
342606,28.68
342801,20.73
342802,30.0
342901,16.7
342902,18.27
343001,30.0
343021,28.35
343022,8.65
343023,5.88
343024,5.26
343025,7.82
343027,14.43
343028,2.44
343029,30.0
343030,12.3
343032,5.38
343039,3.84
343040,17.46
343041,30.0
343042,7.84
343048,2.33
343049,5.7
344001,23.58
344011,30.0
344012,29.74
344021,30.0
344022,12.84
344026,11.65
344027,2.21
344031,3.93
344032,4.14
344033,18.56
344034,9.49
344035,5.15
344037,30.0
344043,9.63
344044,30.0
344501,30.0
344502,25.32
344701,22.0
344702,8.91
344703,30.0
344704,9.52
344705,7.12
344706,10.07
344708,21.28
344801,1.59
345001,7.76
345021,30.0
345022,9.69
345023,7.21
345024,30.0
345025,30.0
345026,27.31
345027,19.51
345028,3.7
345031,13.23
345033,7.54
345034,5.64
360001,1.12
360002,9.53
360003,13.72
360004,3.86
360005,2.02
360006,3.63
360020,3.64
360021,6.09
360022,4.64
360023,16.89
360024,1.79
360025,9.73
360030,30.0
360035,3.71
360040,30.0
360045,22.37
360050,30.0
360055,10.17
360060,13.71
360070,30.0
360110,13.12
360311,30.0
360320,30.0
360325,30.0
360330,20.55
360360,30.0
360370,25.93
360375,1.5
360380,1.94
360405,25.83
360410,30.0
360421,0.78
360430,1.48
360440,30.0
360450,30.0
360452,18.96
360465,25.39
360470,30.0
360480,30.0
360485,30.0
360490,30.0
360510,22.41
360515,11.75
360520,15.32
360530,7.18
360531,5.18
360540,30.0
360545,1.37
360550,4.91
360570,6.69
360575,0.53
360576,9.83
360579,10.55
360590,6.16
361001,15.6
361004,0.86
361006,6.29
361007,0.84
361008,0.29
361010,11.74
361011,3.13
361012,7.52
361013,5.82
361110,8.63
361120,6.71
361130,6.65
361140,10.79
361160,8.88
361162,6.81
361170,9.52
361210,8.25
361220,5.63
361230,3.42
361240,4.73
361250,10.24
361280,7.15
361305,15.65
361306,30.0
361310,5.33
361315,11.69
361320,10.92
361325,5.66
361335,9.88
361345,30.0
362001,0.79
362002,4.62
362011,3.44
362015,2.44
362020,7.14
362030,6.58
362037,1.91
362110,5.25
362120,7.42
362130,7.36
362135,6.09
362140,8.57
362150,6.99
362205,3.44
362215,5.38
362220,8.87
362222,3.21
362225,10.66
362227,9.34
362230,5.45
362240,9.78
362245,8.26
362250,4.75
362255,7.25
362260,6.1
362263,4.4
362265,2.33
362268,9.52
362275,5.4
362310,2.68
362315,1.77
362510,21.4
362530,6.64
362550,29.62
362560,12.17
362565,20.15
362570,3.62
362610,4.98
362620,8.4
362625,9.1
362630,7.94
362640,5.06
362650,7.25
362710,4.38
362720,8.88
363001,1.08
363002,0.61
363020,3.89
363030,6.82
363040,8.58
363110,7.81
363115,11.04
363310,13.93
363320,7.2
363330,16.01
363351,30.0
363410,13.36
363421,11.54
363423,16.23
363427,10.49
363430,9.43
363435,16.53
363440,10.67
363510,10.51
363520,12.77
363530,7.49
363621,23.67
363630,8.55
363641,27.37
363642,21.95
363650,15.67
363655,24.14
363660,13.33
363670,4.66
363745,7.05
363750,14.64
363755,27.44
363760,28.3
363765,7.72
363775,8.35
363780,30.0
364001,3.83
364002,7.38
364004,4.15
364005,3.99
364006,0.51
364050,4.96
364060,4.69
364070,7.73
364110,2.68
364120,5.17
364130,12.84
364135,22.8
364140,6.47
364145,12.93
364150,7.03
364210,2.94
364230,6.68
364240,7.76
364250,6.78
364260,6.49
364265,10.41
364270,7.93
364275,5.89
364280,12.92
364290,11.59
364295,12.28
364310,8.52
364313,14.81
364320,5.74
364330,5.36
364505,5.98
364510,14.19
364515,24.55
364521,18.86
364522,6.93
364525,30.0
364530,14.17
364710,30.0
364720,6.02
364730,4.83
364740,12.0
364750,7.81
364760,5.98
364765,4.45
365220,12.92
365410,5.18
365421,30.0
365430,23.15
365435,6.1
365440,14.6
365450,13.33
365455,16.9
365456,3.82
365460,18.74
365480,20.7
365535,7.85
365540,30.0
365541,30.0
365550,30.0
365555,14.01
365560,23.28
365601,6.55
365610,5.55
365620,30.0
365630,19.82
365635,22.94
365640,28.17
365645,30.0
365650,25.26
365730,30.0
370001,16.34
370015,2.4
370020,10.17
370030,16.18
370040,6.31
370105,9.34
370110,20.73
370115,23.56
370130,30.0
370135,4.45
370140,15.3
370145,18.06
370150,7.41
370155,30.0
370160,30.0
370165,30.0
370201,26.24
370205,25.88
370240,15.41
370405,6.44
370410,18.25
370415,2.75
370421,14.19
370425,3.95
370427,4.03
370430,7.51
370435,5.93
370445,6.11
370450,6.73
370455,30.0
370460,2.0
370465,18.78
370475,5.13
370485,8.61
370490,30.0
370510,13.81
370601,30.0
370605,16.74
370610,28.6
370615,23.44
370620,13.86
370625,30.0
370627,7.19
370630,2.65
370641,5.02
370645,29.1
370650,29.59
370655,16.86
370660,30.0
370665,26.23
370670,2.96
370675,6.89
380001,0.75
380002,0.44
380004,1.17
380005,1.57
380007,1.49
380008,1.19
380009,1.15
380013,0.89
380015,1.23
380016,0.61
380019,4.27
380021,0.38
380022,0.71
380023,0.48
380024,0.49
380026,0.78
380028,0.26
380054,0.37
380058,1.49
380059,2.69
380060,30.0
382007,0.71
382010,0.43
382016,1.4
382021,0.62
382024,0.43
382028,2.69
382030,0.32
382042,30.0
382110,11.12
382115,30.0
382120,30.0
382130,30.0
382140,17.06
382145,18.72
382150,24.26
382170,13.25
382210,4.91
382213,3.31
382220,8.36
382225,30.0
382230,9.99
382240,8.07
382245,30.0
382250,30.0
382255,30.0
382260,13.51
382265,5.43
382305,30.0
382308,11.6
382315,7.41
382320,3.76
382321,30.0
382330,3.79
382340,3.93
382345,1.24
382350,0.49
382355,30.0
382405,2.24
382415,0.25
382421,2.67
382422,13.73
382423,17.44
382424,2.29
382425,4.92
382426,13.96
382427,2.48
382430,3.53
382433,3.45
382435,3.63
382445,2.15
382449,30.0
382450,22.49
382455,30.0
382460,30.0
382463,30.0
382465,30.0
382470,30.0
382481,3.82
382610,30.0
382640,2.18
382650,3.46
382721,8.09
382722,18.15
382725,8.43
382735,30.0
382740,30.0
382810,4.17
382835,3.88
382845,30.0
382855,30.0
383001,7.85
383002,1.27
383010,9.86
383030,4.09
383110,3.98
383120,4.15
383205,4.98
383210,4.0
383215,6.24
383220,4.23
383225,3.41
383230,4.41
383235,9.63
383240,4.02
383245,4.21
383246,7.64
383250,5.05
383251,9.21
383255,6.37
383260,9.47
383270,10.27
383275,8.67
383276,5.19
383305,5.85
383307,3.14
383310,9.57
383315,7.28
383316,11.38
383317,3.1
383320,1.52
383325,10.79
383330,12.8
383335,4.59
383340,3.75
383345,5.86
383350,20.83
383355,5.22
383410,4.2
383421,7.64
383422,10.72
383430,4.8
383434,4.84
383440,10.75
383450,5.38
383460,6.78
383462,9.59
384001,11.3
384002,13.42
384005,3.54
384110,30.0
384120,3.48
384130,9.88
384135,0.75
384140,22.39
384151,30.0
384170,13.54
384220,30.0
384221,30.0
384225,30.0
384229,30.0
384230,30.0
384240,30.0
384241,30.0
384245,30.0
384246,30.0
384255,30.0
384260,30.0
384265,9.31
384272,30.0
384275,30.0
384285,30.0
384290,30.0
384305,30.0
384310,2.8
384315,6.32
384325,5.85
384330,22.25
384335,12.14
384340,25.12
384355,5.86
384360,30.0
384410,4.75
384412,5.54
384415,19.18
384421,10.21
384430,3.18
384435,2.72
384440,6.97
384441,30.0
384445,13.94
384450,7.06
384455,30.0
384460,3.61
384465,2.86
384515,1.11
384520,30.0
384530,2.57
384540,17.98
384550,1.3
384560,13.6
384565,30.0
384570,29.71
385001,8.68
385010,3.5
385110,8.94
385120,11.04
385130,2.15
385135,5.21
385210,6.34
385310,11.71
385320,12.28
385330,9.46
385340,30.0
385350,30.0
385360,30.0
385410,3.99
385421,6.89
385505,5.15
385510,4.33
385515,3.96
385520,2.96
385530,11.67
385535,15.94
385540,5.05
385545,7.9
385550,6.46
385555,6.85
385560,4.72
385565,13.5
385566,12.71
385570,7.19
385575,11.58
387001,1.2
387002,3.24
387110,30.0
387115,7.74
387120,30.0
387130,30.0
387210,12.2
387220,12.51
387230,4.19
387240,6.02
387305,30.0
387310,1.85
387320,30.0
387330,8.14
387335,30.0
387340,30.0
387345,14.21
387350,30.0
387355,14.38
387360,2.54
387365,12.61
387370,4.51
387375,13.89
387380,10.25
387430,30.0
387510,30.0
387520,30.0
387530,30.0
387540,30.0
387550,30.0
387560,30.0
387570,30.0
387610,30.0
387620,30.0
387630,30.0
387635,30.0
387640,30.0
387650,30.0
387710,30.0
388001,9.46
388110,0.5
388130,4.25
388140,7.81
388150,10.16
388160,9.76
388170,14.31
388180,28.75
388205,12.65
388210,6.1
388215,10.36
388220,8.78
388225,13.45
388230,18.64
388235,13.39
388245,17.43
388250,7.42
388255,30.0
388260,14.59
388265,25.43
388270,4.4
388305,1.89
388306,1.55
388307,11.28
388315,4.5
388320,30.0
388325,1.12
388335,3.61
388340,3.15
388345,2.19
388350,2.7
388360,2.38
388365,12.06
388370,0.7
388430,15.95
388440,12.03
388450,1.11
388460,26.2
388480,8.86
388510,19.76
388520,9.08
388530,4.09
388540,7.25
388550,14.78
388560,30.0
388570,4.73
388580,17.32
388590,9.76
388610,19.9
388620,4.41
388625,13.06
388630,21.06
388640,9.96
388710,30.0
388713,4.97
389001,0.64
389002,9.79
389110,28.75
389115,7.19
389120,25.43
389130,11.81
389140,5.42
389146,8.1
389151,0.64
389152,30.0
389154,6.13
389155,11.77
389160,11.88
389170,5.11
389172,25.06
389175,5.52
389180,11.36
389190,4.57
389210,11.63
389220,30.0
389230,21.66
389232,18.26
389235,9.32
389250,13.39
389260,12.82
389265,30.0
389310,2.86
389320,4.7
389330,30.0
389340,30.0
389341,4.91
389350,30.0
389360,21.79
389365,13.84
389370,30.0
389380,12.31
389382,5.39
389390,16.5
390001,0.52
390003,30.0
390004,30.0
390007,0.79
390009,30.0
390010,30.0
390012,30.0
390014,30.0
390019,30.0
390020,1.56
390022,30.0
390025,1.75
391101,30.0
391105,30.0
391107,30.0
391110,30.0
391115,30.0
391120,30.0
391125,30.0
391130,30.0
391135,30.0
391140,30.0
391145,30.0
391150,30.0
391152,30.0
391156,30.0
391160,30.0
391165,30.0
391168,13.55
391170,30.0
391210,30.0
391220,30.0
391240,30.0
391243,30.0
391244,30.0
391250,30.0
391310,30.0
391330,30.0
391340,30.0
391350,30.0
391410,30.0
391421,30.0
391430,30.0
391440,30.0
391445,30.0
391450,30.0
391510,30.0
391520,30.0
391530,30.0
391740,30.0
391745,30.0
391760,30.0
391761,30.0
391770,30.0
391774,30.0
391775,30.0
391780,30.0
391810,3.33
392001,0.98
392011,12.12
392012,7.15
392015,2.82
392020,7.54
392025,3.99
392030,1.78
392035,3.1
392040,30.0
392110,13.65
392130,21.08
392140,7.0
392150,6.15
392155,8.58
392160,3.57
392165,4.31
392170,4.45
392180,1.6
392210,6.7
392220,9.38
392230,7.47
392240,1.41
392310,30.0
393001,21.86
393002,1.22
393010,1.68
393020,3.96
393025,4.07
393030,6.47
393040,10.38
393041,24.96
393050,7.4
393105,9.95
393110,7.07
393115,6.61
393120,5.32
393125,8.5
393130,7.97
393135,7.01
393140,6.01
393145,21.07
393150,3.4
393151,30.0
394105,2.35
394107,16.07
394110,9.98
394112,18.97
394115,3.89
394120,21.13
394125,29.53
394130,23.66
394140,15.21
394150,4.52
394155,0.94
394160,21.89
394163,9.43
394170,10.28
394180,4.32
394185,20.38
394210,3.31
394230,27.51
394235,30.0
394240,5.13
394245,2.68
394246,9.24
394248,30.0
394250,7.44
394270,10.18
394305,9.83
394310,30.0
394315,6.35
394317,30.0
394320,6.1
394325,3.59
394326,3.88
394330,5.57
394335,7.5
394340,30.0
394345,2.16
394350,3.91
394352,2.85
394355,22.84
394360,6.69
394365,6.95
394370,3.03
394375,10.91
394380,3.04
394405,28.09
394410,18.9
394421,24.89
394430,26.57
394440,30.0
394445,30.0
394510,3.47
394517,7.32
394520,28.66
394530,30.0
394540,30.0
394550,5.32
394601,3.36
394620,19.12
394630,0.37
394633,1.91
394635,30.0
394640,1.41
394641,5.37
394650,6.35
394651,13.44
394652,5.02
394655,4.01
394670,30.0
394680,16.17
394690,0.87
394710,21.83
394715,8.11
394716,1.54
394720,30.0
394730,13.07
394810,8.78
395001,30.0
395002,1.17
395003,30.0
395004,15.19
395005,16.14
395007,30.0
395008,0.54
395009,1.39
395010,30.0
395012,7.27
395013,8.71
396001,0.55
396007,5.64
396020,3.07
396030,6.08
396035,1.81
396040,4.71
396045,2.34
396050,7.96
396051,15.11
396055,6.09
396060,3.88
396065,8.71
396067,22.18
396105,5.03
396110,3.71
396120,0.0
396125,5.16
396126,4.52
396130,0.82
396135,2.37
396140,0.0
396145,4.05
396150,2.37
396155,2.43
396165,9.81
396170,3.25
396185,2.44
396191,6.75
396193,2.31
396195,0.91
396210,2.43
396215,0.83
396220,0.87
396230,10.36
396235,2.44
396240,8.22
396310,4.11
396325,1.6
396350,1.77
396360,2.66
396375,3.09
396380,1.23
396385,3.28
396406,1.93
396409,2.25
396412,1.88
396415,1.89
396418,1.43
396427,2.95
396430,2.04
396433,1.43
396436,5.97
396439,2.54
396440,3.66
396445,0.69
396450,1.23
396460,1.1
396463,3.28
396466,1.92
396469,2.2
396472,2.27
396475,2.61
396510,7.91
396521,3.58
396530,1.95
396540,5.11
396560,6.86
396570,3.21
396580,6.58
396590,3.61
400001,0.6
400002,0.73
400003,0.95
400004,0.55
400005,0.65
400007,1.67
400008,0.64
400009,1.88
400010,0.25
400011,0.5
400012,0.58
400014,0.69
400016,0.5
400017,0.41
400018,0.69
400020,0.7
400021,0.94
400022,2.4
400025,0.01
400026,1.64
400028,0.57
400029,6.76
400030,0.42
400031,0.4
400032,2.23
400033,1.99
400034,0.47
400037,30.0
400043,7.23
400051,0.75
400052,0.27
400053,8.69
400054,0.64
400055,0.63
400056,0.5
400057,0.37
400058,0.75
400059,0.5
400063,0.51
400064,0.25
400065,1.72
400066,0.67
400067,1.68
400068,0.22
400069,0.37
400070,0.74
400072,0.84
400074,0.45
400075,0.6
400078,0.89
400079,0.67
400080,2.31
400081,0.42
400082,0.77
400083,0.36
400086,0.76
400088,1.74
400089,6.78
400095,1.16
400097,0.26
400099,6.73
400102,0.99
400104,3.09
400601,0.47
400602,6.79
400603,0.12
400607,0.83
400608,0.94
400612,5.0
400614,2.67
400615,0.42
400702,25.62
400703,3.99
400704,0.65
400706,1.23
400707,0.79
400708,0.28
401101,1.2
401102,11.17
401103,2.98
401106,0.6
401107,8.38
401201,21.97
401202,1.2
401203,0.94
401204,11.3
401207,0.77
401208,2.61
401301,30.0
401303,7.05
401304,15.39
401401,25.63
401403,7.15
401405,30.0
401501,30.0
401502,24.38
401503,0.48
401504,1.31
401601,3.06
401602,9.71
401603,12.23
401604,11.06
401605,5.17
401606,23.71
401607,5.27
401701,30.0
402101,7.59
402102,2.64
402103,4.83
402104,17.35
402105,8.31
402106,3.1
402107,7.36
402108,3.62
402109,15.28
402110,3.55
402111,18.3
402112,3.98
402113,1.86
402114,2.78
402115,19.72
402116,0.8
402117,1.13
402120,8.16
402122,2.28
402126,0.76
402202,3.52
402203,2.75
402204,1.58
402208,3.32
402209,5.94
402301,6.98
402302,7.21
402303,17.61
402304,4.19
402305,5.31
402306,3.22
402307,30.0
402308,22.55
402309,2.31
402401,6.27
402402,2.07
402403,3.72
402404,2.1
403001,0.69
403004,0.63
403401,0.5
403507,0.45
403521,30.0
403601,1.15
403709,2.06
403801,0.0
403802,0.85
410101,30.0
410201,30.0
410202,1.21
410203,27.47
410205,13.35
410206,13.17
410207,15.92
410208,2.86
410220,28.34
410221,30.0
410401,9.19
410402,2.75
410405,16.37
410406,1.36
410501,8.83
410502,6.72
410503,9.2
410504,9.81
410505,12.6
410506,14.51
410507,10.05
410509,12.24
410510,30.0
410511,1.14
410512,30.0
410513,27.93
410515,30.0
410516,30.0
411001,2.64
411002,0.61
411003,30.0
411004,0.57
411005,21.8
411006,0.58
411007,0.75
411008,0.38
411009,0.21
411011,0.22
411012,0.2
411014,28.08
411015,30.0
411016,0.64
411017,10.08
411018,0.71
411019,1.65
411020,1.19
411021,1.92
411023,4.38
411025,30.0
411026,29.13
411027,1.03
411028,0.57
411030,0.51
411036,2.06
411037,30.0
411038,1.32
411041,4.3
411042,0.6
411044,1.95
411045,0.16
411046,0.54
411047,2.69
411052,0.81
411057,30.0
411062,2.52
412101,10.52
412102,2.94
412103,23.48
412104,21.64
412105,19.51
412106,14.71
412107,30.0
412108,5.56
412109,2.29
412110,24.3
412115,10.14
412201,10.23
412202,3.21
412203,20.28
412204,30.0
412205,12.45
412206,11.55
412207,30.0
412208,13.95
412209,28.82
412210,29.04
412211,14.39
412212,30.0
412213,11.74
412214,27.15
412215,30.0
412216,28.06
412218,7.01
412219,4.27
412220,30.0
412301,9.38
412303,8.13
412304,0.49
412305,21.36
412306,4.68
412307,7.52
412308,2.15
412311,26.46
412312,30.0
412401,23.81
412402,23.47
412403,30.0
412404,30.0
412405,30.0
412406,24.81
412408,26.29
412409,30.0
412410,30.0
412411,30.0
412412,30.0
412801,4.71
412802,30.0
412803,7.59
412804,30.0
412805,23.06
412806,30.0
413001,0.45
413002,16.4
413003,0.77
413004,25.12
413005,0.78
413006,5.76
413008,13.36
413101,16.29
413102,12.32
413103,30.0
413104,30.0
413105,30.0
413106,4.2
413107,6.4
413108,23.7
413109,16.21
413110,6.84
413111,30.0
413112,25.44
413113,27.37
413114,12.25
413115,30.0
413116,30.0
413120,5.59
413130,30.0
413132,30.0
413133,30.0
413201,2.17
413202,16.56
413203,30.0
413204,6.13
413205,21.63
413206,30.0
413207,11.08
413208,10.11
413209,13.24
413210,30.0
413211,13.49
413212,30.0
413213,10.43
413214,4.95
413215,2.21
413216,0.75
413217,30.0
413218,12.62
413219,18.54
413220,9.15
413221,9.57
413222,21.42
413223,3.62
413224,4.78
413226,10.01
413227,13.56
413228,23.38
413229,11.64
413248,16.49
413249,15.78
413250,28.95
413251,30.0
413252,30.0
413253,4.9
413255,17.16
413301,30.0
413302,18.52
413304,21.5
413305,12.14
413306,23.84
413307,30.0
413308,30.0
413309,27.78
413310,10.6
413314,9.77
413315,30.0
413317,19.53
413319,14.43
413322,4.2
413324,26.1
413401,18.72
413402,1.86
413403,30.0
413404,22.02
413405,30.0
413406,23.58
413409,30.0
413410,24.36
413412,30.0
413501,30.0
413502,22.16
413503,27.32
413504,14.59
413505,21.13
413506,30.0
413507,10.09
413508,30.0
413509,20.13
413510,0.81
413511,3.56
413512,30.0
413513,11.18
413514,30.0
413515,30.0
413516,5.72
413517,3.8
413518,12.76
413519,6.37
413520,1.7
413521,3.69
413522,5.87
413523,12.49
413524,6.51
413525,18.38
413526,30.0
413527,12.67
413528,30.0
413529,19.06
413530,10.66
413531,1.52
413532,14.74
413534,30.0
413544,30.0
413581,9.53
413582,1.76
413601,14.98
413602,22.98
413603,28.53
413604,21.14
413605,30.0
413606,14.44
413607,5.26
413608,30.0
413623,30.0
413624,30.0
413701,7.82
413702,27.87
413703,22.99
413704,1.83
413705,9.27
413706,6.94
413707,20.43
413708,3.25
413709,17.02
413710,12.35
413711,3.28
413712,30.0
413714,5.26
413715,2.27
413716,3.14
413717,17.98
413718,19.58
413719,1.66
413720,17.54
413721,2.91
413722,1.2
413723,3.13
413725,18.8
413726,30.0
413728,30.0
413736,4.31
413737,2.24
413738,4.38
413739,8.8
413801,30.0
413802,7.11
414001,30.0
414002,15.94
414005,7.96
414006,3.06
414101,3.44
414102,9.68
414103,4.6
414105,6.2
414106,5.03
414111,0.0
414113,7.48
414201,4.23
414202,12.37
414203,20.96
414204,13.13
414205,9.26
414208,20.47
414301,19.24
414302,20.12
414303,3.44
414304,4.11
414305,6.46
414306,5.33
414401,19.73
414402,20.08
414403,4.43
414501,7.06
414502,9.91
414503,2.83
414504,30.0
414505,30.0
414601,12.07
414602,0.0
414603,7.39
414604,5.9
414606,1.37
414607,22.61
414609,2.31
414701,20.84
415002,14.71
415003,2.08
415004,17.74
415010,10.69
415011,8.14
415012,30.0
415013,30.0
415014,8.49
415015,5.16
415019,19.55
415020,23.39
415021,5.58
415022,13.2
415023,5.88
415102,15.27
415103,8.68
415104,26.24
415105,30.0
415106,11.11
415107,17.1
415108,24.9
415109,15.19
415110,15.5
415111,10.86
415112,4.73
415114,10.95
415115,3.49
415116,3.54
415122,30.0
415124,10.6
415202,4.15
415203,6.18
415205,14.46
415206,9.07
415207,16.28
415208,22.24
415209,13.59
415211,27.73
415214,30.0
415301,2.61
415302,21.66
415303,10.12
415304,22.59
415305,30.0
415306,25.56
415307,14.09
415308,9.86
415309,3.41
415310,11.6
415311,14.08
415312,2.78
415313,30.0
415315,5.03
415401,15.82
415402,0.91
415403,30.0
415404,30.0
415405,30.0
415406,1.7
415407,13.32
415408,2.84
415409,11.87
415410,30.0
415411,1.37
415412,30.0
415413,20.32
415414,0.84
415415,30.0
415501,7.85
415502,3.09
415503,8.4
415504,29.83
415505,19.34
415506,8.99
415507,5.33
415508,10.04
415509,14.8
415510,2.84
415511,20.39
415512,10.6
415513,29.35
415514,14.47
415515,2.88
415517,1.89
415518,17.59
415519,17.93
415520,3.36
415521,16.67
415522,30.0
415523,2.44
415524,7.37
415525,12.62
415526,3.52
415527,21.65
415528,14.12
415530,0.81
415536,12.11
415537,24.34
415538,17.55
415539,14.57
415540,9.16
415602,11.37
415603,16.91
415604,3.68
415605,8.47
415606,9.3
415607,8.69
415608,8.7
415609,14.44
415610,22.94
415611,19.25
415612,1.87
415613,10.87
415615,1.65
415616,21.05
415617,1.67
415619,1.07
415620,4.73
415621,2.5
415626,1.66
415628,16.58
415629,30.0
415634,1.61
415637,28.0
415639,6.61
415640,5.87
415641,13.1
415643,22.55
415701,7.97
415702,8.12
415703,2.49
415706,0.76
415708,4.15
415709,10.12
415710,0.65
415711,14.58
415712,5.3
415713,4.91
415714,2.11
415715,30.0
415716,7.57
415718,13.06
415719,3.15
415720,3.83
415722,10.99
415724,25.63
415726,9.86
415727,4.72
415728,4.68
415729,30.0
415730,30.0
415801,2.26
415802,5.63
415803,0.78
415804,6.8
415805,7.01
415806,8.49
415807,27.4
416001,0.07
416002,22.67
416005,0.54
416008,0.36
416012,14.41
416113,24.05
416115,14.41
416207,2.65
416301,4.56
416302,15.63
416303,30.0
416304,5.81
416305,3.67
416306,6.66
416308,3.05
416309,8.41
416310,5.08
416311,30.0
416312,11.65
416313,27.38
416314,30.0
416315,12.64
416401,30.0
416402,6.65
416403,30.0
416404,6.36
416405,13.01
416407,3.34
416408,5.09
416409,5.27
416410,5.89
416411,15.37
416412,0.58
416413,0.42
416414,17.46
416415,7.79
416416,4.95
416418,4.33
416419,25.17
416420,30.0
416436,3.01
416502,4.89
416511,6.87
416512,6.48
416513,1.6
416514,3.49
416516,4.46
416518,8.01
416519,8.09
416520,7.53
416521,3.3
416522,2.6
416523,2.1
416524,2.87
416525,1.38
416528,1.3
416529,2.65
416531,8.92
416534,3.17
416549,3.3
416550,6.94
416601,5.66
416602,7.05
416603,3.94
416604,4.53
416605,4.96
416608,16.26
416609,4.05
416610,3.63
416611,4.93
416612,3.42
416613,6.32
416614,4.79
416615,2.27
416616,4.01
416620,2.71
416626,4.64
416628,2.13
416630,3.7
416632,3.3
416701,5.39
416702,13.17
416703,3.73
416704,22.43
416705,2.44
416707,25.89
416709,30.0
416712,16.48
416713,4.44
416801,14.82
416804,2.67
416805,30.0
416806,3.2
416810,12.39
416811,11.35
416812,6.46
416813,4.45
421002,0.65
421102,2.49
421103,5.52
421201,5.82
421204,6.37
421301,30.0
421302,7.67
421303,8.33
421306,14.64
421311,3.76
421312,20.51
421401,19.29
421402,27.72
421403,30.0
421501,0.19
421503,30.0
421505,1.56
421601,24.9
421602,22.96
421603,18.84
421605,4.92
422001,0.0
422002,6.13
422003,11.31
422004,15.62
422006,0.0
422007,22.57
422009,30.0
422010,30.0
422013,8.71
422101,1.53
422102,9.56
422103,14.32
422104,12.02
422105,7.39
422112,19.4
422113,7.23
422201,0.87
422202,7.31
422203,23.45
422204,14.89
422205,16.18
422207,6.62
422208,2.27
422209,25.61
422210,4.37
422211,14.3
422212,1.8
422213,9.13
422214,15.41
422215,14.03
422222,0.0
422302,0.0
422303,12.68
422304,28.21
422305,23.03
422306,27.83
422308,30.0
422401,28.72
422402,5.88
422403,6.55
422502,20.69
422601,12.91
422602,4.37
422603,3.89
422604,7.92
422605,9.0
422606,9.33
422610,21.86
422611,4.42
422620,6.21
422622,5.87
423101,12.9
423102,9.06
423104,14.61
423105,8.1
423106,17.23
423107,18.83
423108,18.21
423109,2.94
423110,19.02
423111,21.02
423117,14.17
423201,2.45
423202,3.48
423203,30.0
423204,17.22
423205,12.94
423206,8.74
423208,8.87
423212,5.91
423213,9.84
423301,5.46
423302,5.43
423303,15.3
423401,15.39
423402,30.0
423403,24.64
423501,8.36
423502,30.0
423601,29.6
423602,3.45
423603,23.32
423604,3.53
423605,4.31
423607,0.87
423701,16.82
423702,30.0
423703,25.57
424001,2.21
424002,4.06
424004,7.17
424005,3.54
424006,10.2
424101,0.73
424102,4.73
424103,12.16
424104,9.25
424105,30.0
424106,18.92
424107,30.0
424108,3.66
424109,30.0
424119,17.95
424201,4.42
424202,15.45
424203,21.11
424301,10.45
424302,12.1
424303,13.65
424304,2.75
424305,25.14
424306,8.69
424307,0.0
424308,10.11
424309,0.0
424310,3.5
424311,0.03
424318,8.32
425001,30.0
425002,14.78
425003,30.0
425102,5.81
425103,30.0
425104,30.0
425105,4.35
425109,9.3
425110,14.46
425111,9.86
425112,23.65
425113,30.0
425115,18.12
425116,7.27
425401,7.66
425402,15.25
425403,0.0
425404,30.0
425405,3.74
425406,11.53
425407,10.49
425408,14.87
425409,1.5
425410,30.0
425411,0.47
425412,11.08
425413,12.54
425414,3.46
425415,30.0
425416,10.34
425417,4.32
425418,4.84
425419,3.04
425420,12.9
425421,9.27
425422,4.31
425423,18.28
425424,0.0
425426,22.77
425427,25.09
425428,27.42
425432,6.38
425442,30.0
425444,22.04
425452,30.0
431001,30.0
431002,15.42
431005,28.67
431007,30.0
431008,30.0
431101,30.0
431102,16.76
431103,8.87
431104,18.25
431105,14.29
431107,14.65
431109,30.0
431110,30.0
431111,12.99
431112,22.76
431113,30.0
431114,6.38
431115,22.42
431116,30.0
431117,28.48
431118,30.0
431120,30.0
431121,24.15
431122,30.0
431123,25.45
431124,26.1
431125,8.29
431126,11.14
431127,13.52
431128,12.52
431129,12.03
431130,15.25
431131,18.82
431132,23.01
431133,17.18
431134,29.52
431135,30.0
431136,30.0
431137,30.0
431142,20.4
431143,17.41
431144,30.0
431147,23.97
431148,18.94
431150,30.0
431151,7.51
431152,30.0
431153,30.0
431154,30.0
431202,5.78
431204,7.06
431205,8.61
431206,14.44
431207,29.21
431208,30.0
431209,30.0
431211,16.6
431212,23.18
431213,8.22
431214,8.21
431215,30.0
431401,0.51
431515,17.35
431517,10.21
431518,28.43
431519,24.15
431522,5.7
431523,17.09
431530,30.0
431601,30.0
431602,0.14
431603,0.36
431604,0.43
431605,0.19
431606,0.36
431701,30.0
431702,30.0
431704,30.0
431705,30.0
431707,9.3
431708,5.83
431709,0.76
431710,7.21
431711,0.98
431712,30.0
431713,0.17
431714,5.97
431715,0.8
431716,3.17
431717,30.0
431718,8.39
431719,27.82
431721,4.3
431722,7.87
431723,5.82
431731,0.43
431736,9.45
431741,20.9
431742,1.27
431743,14.72
431745,0.0
431746,7.83
431750,13.03
431801,3.49
431802,8.54
431803,0.09
431804,4.32
431805,6.32
431806,2.93
431807,28.16
431808,21.39
431809,10.31
431810,0.18
431811,18.9
440001,12.94
440002,23.87
440003,0.81
440010,0.96
440012,0.96
440013,0.92
440014,0.65
440015,30.0
440016,30.0
440017,0.76
440018,0.63
440022,1.3
440023,30.0
440024,1.23
440027,0.65
440030,1.58
441001,0.0
441101,26.08
441102,20.92
441103,30.0
441104,11.32
441105,24.25
441106,30.0
441107,30.0
441108,19.07
441110,8.05
441111,2.6
441112,3.56
441113,30.0
441122,4.48
441201,30.0
441202,30.0
441203,13.08
441204,9.62
441205,22.16
441206,30.0
441207,30.0
441208,30.0
441209,30.0
441210,30.0
441212,30.0
441214,30.0
441215,30.0
441217,30.0
441221,30.0
441222,30.0
441223,20.41
441224,30.0
441225,30.0
441226,30.0
441301,30.0
441302,30.0
441303,1.23
441304,30.0
441305,30.0
441306,30.0
441401,21.23
441404,2.48
441501,30.0
441502,12.71
441601,30.0
441614,14.88
441701,10.18
441702,19.03
441801,16.67
441802,30.0
441803,14.55
441804,7.25
441805,5.75
441806,26.48
441807,10.19
441809,9.68
441901,19.8
441902,19.3
441903,13.91
441904,0.79
441905,30.0
441906,7.3
441907,19.56
441908,21.0
441909,3.1
441910,23.08
441911,30.0
441912,9.75
441913,30.0
441914,3.69
441915,13.26
441916,9.69
441924,9.08
442001,10.02
442003,0.55
442101,14.13
442102,8.48
442104,2.91
442106,30.0
442201,30.0
442202,14.51
442203,19.02
442301,30.0
442302,16.71
442304,23.96
442305,22.22
442306,8.02
442307,25.03
442401,0.72
442402,19.8
442403,22.15
442404,15.09
442406,2.12
442503,2.15
442504,30.0
442505,25.48
442507,4.12
442603,30.0
442604,30.0
442605,30.0
442606,30.0
442701,30.0
442702,30.0
442703,30.0
442704,30.0
442705,30.0
442707,30.0
442709,30.0
442710,30.0
442902,26.13
442903,26.91
442904,21.02
442905,16.8
442906,15.6
442907,30.0
442908,17.83
442914,3.59
442916,30.0
442917,30.0
442918,30.0
443002,11.66
443101,12.15
443102,8.28
443103,0.16
443104,3.31
443106,24.46
443112,21.04
443201,26.69
443202,6.38
443203,30.0
443204,21.45
443206,19.88
443301,30.0
443302,22.53
443303,10.02
443304,23.18
443308,30.0
443401,4.13
443402,21.43
443403,30.0
443404,12.48
444001,0.76
444002,1.39
444003,7.08
444004,1.87
444005,2.65
444006,13.95
444101,10.11
444102,7.35
444103,4.67
444104,2.95
444105,7.92
444106,11.19
444107,10.59
444108,7.47
444109,6.7
444110,6.91
444111,8.6
444117,3.84
444126,3.98
444201,0.49
444202,30.0
444203,25.93
444204,10.12
444301,3.32
444302,6.42
444303,10.8
444306,8.98
444311,9.24
444312,30.0
444401,7.09
444402,13.21
444403,11.92
444404,11.36
444405,5.06
444407,4.74
444409,4.91
444501,11.48
444502,2.32
444503,11.8
444504,30.0
444505,11.3
444506,8.99
444507,5.96
444510,16.51
444511,4.87
444601,1.58
444602,11.36
444606,1.88
444701,11.99
444702,13.29
444704,21.94
444705,26.28
444706,8.46
444707,7.04
444708,9.58
444709,15.52
444710,30.0
444711,20.07
444717,25.81
444719,6.38
444720,30.0
444723,20.09
444801,9.89
444802,30.0
444803,10.6
444804,8.16
444805,30.0
444806,8.67
444807,13.81
444808,8.42
444809,30.0
444813,30.0
444901,6.86
444902,4.17
444903,5.67
444904,23.39
444905,15.11
444906,8.03
444907,1.64
444908,8.17
444915,3.12
445001,11.56
445002,0.0
445101,0.0
445102,0.0
445103,0.0
445105,0.0
445106,0.0
445109,0.0
445110,0.0
445201,0.0
445202,0.0
445203,0.0
445204,0.0
445205,0.0
445206,0.0
445207,0.0
445209,0.0
445210,0.0
445211,0.0
445215,0.0
445230,0.0
445301,0.0
445302,0.07
445303,0.0
445304,0.05
445305,0.0
445306,0.0
445307,0.0
445308,0.0
445323,0.0
445324,2.84
445401,0.0
445402,0.0
450001,30.0
450051,30.0
450110,30.0
450112,30.0
450114,15.51
450116,27.4
450117,29.04
450221,30.0
450331,11.73
450332,17.97
450337,21.58
450445,7.91
450551,20.68
450554,30.0
450661,23.9
450771,30.0
450881,13.89
450991,30.0
451001,30.0
451111,30.0
451113,30.0
451115,30.0
451220,30.0
451221,16.24
451224,27.89
451225,30.0
451228,14.77
451331,30.0
451332,25.0
451335,13.13
451440,14.17
451441,27.68
451442,9.17
451447,27.01
451449,28.44
451551,30.0
451556,30.0
451660,14.78
451666,14.84
451770,30.0
451881,30.0
452001,27.23
452002,0.72
452003,25.1
452007,0.64
452009,0.93
452010,19.31
452011,0.79
452015,23.99
452016,30.0
452020,30.0
453001,30.0
453111,30.0
453112,6.17
453115,30.0
453220,24.57
453331,30.0
453441,30.0
453551,30.0
453661,30.0
453771,19.71
454001,27.46
454010,30.0
454111,30.0
454116,30.0
454221,30.0
454331,30.0
454335,30.0
454441,30.0
454446,30.0
454449,30.0
454552,30.0
454660,30.0
454665,30.0
454773,27.19
454774,30.0
455001,9.25
455111,30.0
455115,30.0
455116,30.0
455118,30.0
455221,30.0
455223,30.0
455227,30.0
455332,30.0
455336,30.0
455339,19.63
455440,30.0
455459,30.0
456003,30.0
456006,30.0
456010,1.05
456221,5.57
456222,30.0
456224,30.0
456313,30.0
456331,30.0
456335,30.0
456337,30.0
456440,30.0
456441,30.0
456443,30.0
456550,30.0
456661,5.78
456664,30.0
456665,30.0
456668,30.0
456770,30.0
456771,30.0
456776,30.0
457001,2.56
457114,0.71
457118,0.16
457119,17.07
457222,1.9
457226,1.11
457331,8.57
457333,0.18
457336,0.26
457339,12.16
457340,1.04
457441,30.0
457550,4.23
457555,5.53
457661,10.87
457770,24.59
457772,11.96
457773,0.1
457775,30.0
457777,6.62
457779,0.11
457882,10.29
457885,30.0
457887,24.1
457888,2.95
457990,1.6
457993,0.19
458001,0.51
458002,30.0
458110,1.9
458113,30.0
458116,7.31
458118,10.97
458220,10.7
458226,30.0
458228,3.64
458330,1.64
458336,18.37
458339,6.65
458389,30.0
458441,2.41
458468,29.01
458553,8.56
458556,8.59
458558,10.1
458664,18.56
458667,30.0
458669,22.62
458771,30.0
458775,30.0
458778,30.0
458880,1.5
458883,14.57
458888,30.0
458895,30.0
458990,2.51
460001,30.0
460004,30.0
460110,30.0
460220,30.0
460225,30.0
460330,30.0
460440,30.0
460443,30.0
460449,30.0
460551,30.0
460553,30.0
460554,30.0
460557,16.47
460661,30.0
460663,30.0
460665,10.45
460666,30.0
460668,30.0
461001,28.2
461110,2.81
461111,21.29
461115,30.0
461116,11.98
461221,15.63
461223,22.46
461228,30.0
461331,16.65
461441,23.48
461551,23.3
461661,28.17
461668,5.49
461771,10.18
461775,24.91
461881,0.38
461990,30.0
462001,1.16
462002,1.02
462003,1.54
462004,0.33
462008,0.41
462010,5.98
462016,2.27
462022,2.54
462026,0.56
462030,10.08
462036,3.82
462038,2.05
462042,5.12
462044,3.63
462046,30.0
462047,28.55
462101,7.95
462120,3.97
463106,4.33
463111,5.59
464001,30.0
464111,30.0
464113,30.0
464114,30.0
464220,30.0
464221,30.0
464224,30.0
464226,30.0
464228,30.0
464240,30.0
464258,30.0
464331,30.0
464334,30.0
464337,30.0
464551,30.0
464570,15.13
464573,30.0
464651,30.0
464661,30.0
464665,30.0
464668,30.0
464671,30.0
464672,30.0
464770,30.0
464774,30.0
464776,30.0
464881,30.0
464884,30.0
464886,30.0
464986,30.0
464990,30.0
464993,24.54
465001,30.0
465106,30.0
465110,30.0
465113,30.0
465116,30.0
465118,30.0
465220,30.0
465223,30.0
465226,30.0
465227,30.0
465230,30.0
465333,30.0
465335,30.0
465337,30.0
465339,30.0
465441,30.0
465445,30.0
465447,30.0
465449,30.0
465550,30.0
465661,30.0
465667,30.0
465669,30.0
465674,30.0
465677,24.63
465679,30.0
465680,6.87
465683,30.0
465685,30.0
465687,30.0
465689,30.0
465691,30.0
465693,30.0
465697,30.0
466001,30.0
466111,30.0
466113,30.0
466114,30.0
466115,30.0
466116,30.0
466118,25.7
466120,30.0
466125,30.0
466221,30.0
466331,30.0
466445,30.0
466446,30.0
466448,30.0
466554,30.0
466651,30.0
466661,30.0
466665,30.0
470001,10.08
470002,1.09
470004,7.66
470021,23.42
470051,27.29
470113,10.37
470115,6.34
470117,5.99
470118,5.13
470119,7.32
470120,9.1
470125,9.5
470221,5.75
470223,6.98
470226,10.08
470227,10.37
470228,19.72
470232,6.83
470235,11.2
470335,13.44
470337,4.67
470339,11.62
470441,23.91
470442,8.67
470661,4.39
470663,6.01
470664,10.49
470666,9.34
470669,4.38
470672,13.67
470673,7.77
470675,5.68
470771,3.5
470772,6.99
470775,13.11
470880,17.54
470881,12.32
471001,3.92
471101,14.49
471105,11.44
471111,8.8
471201,30.0
471301,5.47
471311,9.97
471313,30.0
471315,13.39
471318,16.12
471405,5.05
471408,30.0
471411,5.77
471501,22.43
471510,0.14
471515,27.97
471516,24.19
471525,30.0
471606,30.0
471625,30.0
472001,30.0
472005,30.0
472010,30.0
472101,30.0
472111,30.0
472115,20.53
472118,1.1
472221,24.33
472246,22.84
472331,30.0
472336,13.3
472337,14.43
472339,16.39
472442,30.0
472445,30.0
472447,30.0
473001,4.09
473101,12.34
473105,17.37
473110,11.81
473111,11.94
473113,7.9
473115,14.5
473118,30.0
473222,18.64
473226,14.49
473249,6.04
473287,18.23
473330,10.27
473331,30.0
473332,11.39
473335,11.98
473440,9.51
473443,16.0
473444,12.18
473445,4.82
473446,13.21
473551,27.15
473585,16.92
473660,11.62
473662,20.7
473665,13.39
473670,11.11
473770,14.31
473774,11.21
473775,13.4
473781,13.86
473793,30.0
473865,13.27
473880,8.2
473885,16.33
473990,13.69
473995,10.79
474001,30.0
474002,5.95
474003,7.44
474005,8.39
474006,30.0
474009,0.0
474010,8.5
474011,0.0
474020,5.04
475001,14.41
475002,17.97
475005,8.18
475110,16.26
475115,23.47
475220,17.65
475330,30.0
475335,22.7
475336,15.01
475661,24.69
475671,14.43
475673,21.98
475675,17.11
475682,12.43
475685,13.45
475686,14.73
476001,7.69
476111,10.7
476115,9.22
476134,7.03
476219,7.66
476221,10.73
476224,9.6
476228,14.2
476229,12.67
476332,20.06
476335,23.96
476337,20.62
476339,30.0
476355,30.0
476444,7.13
476554,8.27
477001,3.95
477105,6.3
477111,6.28
477116,11.92
477117,10.67
477222,9.63
477227,9.46
477331,6.6
477332,5.46
477333,7.56
477335,7.36
477441,8.68
477445,8.42
477446,3.63
477447,10.9
477449,3.95
477555,7.26
477557,8.71
477566,4.0
477660,8.36
480001,30.0
480105,30.0
480106,30.0
480107,30.0
480108,23.58
480109,30.0
480110,30.0
480111,30.0
480115,30.0
480221,30.0
480223,30.0
480224,30.0
480331,30.0
480334,30.0
480337,30.0
480338,30.0
480441,30.0
480447,9.78
480449,0.56
480551,30.0
480555,30.0
480557,30.0
480559,30.0
480661,30.0
480667,30.0
480771,30.0
480880,30.0
480881,30.0
480882,30.0
480884,30.0
480886,30.0
480887,30.0
480888,30.0
480990,30.0
480991,30.0
480994,30.0
480996,30.0
480997,30.0
480999,30.0
481001,30.0
481051,30.0
481102,30.0
481105,30.0
481111,30.0
481115,30.0
481116,30.0
481117,30.0
481222,30.0
481224,30.0
481226,30.0
481331,30.0
481332,30.0
481335,30.0
481337,30.0
481441,30.0
481445,30.0
481449,30.0
481551,30.0
481556,30.0
481661,30.0
481662,30.0
481663,30.0
481664,30.0
481665,30.0
481666,30.0
481668,30.0
481672,30.0
481768,30.0
481771,14.41
481776,30.0
481778,30.0
481879,30.0
481880,30.0
481882,30.0
481883,30.0
481884,30.0
481885,30.0
481990,30.0
481995,30.0
481996,30.0
481998,30.0
482001,29.24
482002,3.8
482003,7.51
482004,2.0
482005,5.83
482008,12.62
482009,0.74
482011,1.02
482021,2.2
482051,11.5
482056,2.13
483001,25.74
483053,6.05
483105,30.0
483110,9.44
483113,14.71
483119,22.35
483220,7.78
483222,17.46
483225,26.49
483330,24.25
483331,21.97
483332,13.56
483334,30.0
483336,30.0
483440,16.71
483442,28.28
483501,30.0
483504,0.81
483770,30.0
483773,22.15
483775,30.0
483880,19.91
483990,30.0
484001,30.0
484110,30.0
484113,20.02
484114,28.31
484116,30.0
484117,30.0
484224,28.64
484330,30.0
484334,30.0
484336,26.43
484440,20.46
484444,2.12
484446,30.0
484447,6.3
484551,30.0
484555,22.82
484660,30.0
484661,10.13
484664,24.86
484665,19.08
484669,29.03
484770,30.0
484771,30.0
484774,28.85
484776,27.56
484881,30.0
484886,9.61
484887,24.38
485001,13.95
485005,30.0
485111,24.08
485112,27.07
485113,7.12
485114,30.0
485115,8.27
485221,14.0
485226,7.55
485331,7.02
485334,1.28
485441,19.91
485446,3.11
485447,12.22
485551,28.46
485661,30.0
485666,5.86
485771,16.15
485772,21.25
485773,8.58
485774,30.0
485775,30.0
485778,21.17
485881,30.0
486001,30.0
486003,1.67
486005,0.29
486006,2.43
486111,26.71
486114,1.91
486115,30.0
486117,0.1
486123,5.96
486220,9.18
486223,5.75
486226,8.79
486331,6.22
486333,30.0
486335,11.11
486338,10.48
486340,12.19
486341,12.55
486440,0.13
486441,2.19
486445,2.48
486446,2.96
486447,24.53
486448,5.53
486450,9.24
486550,0.12
486553,2.85
486556,0.0
486661,30.0
486666,30.0
486669,23.64
486670,30.0
486675,30.0
486771,20.01
486775,13.97
486776,10.16
486881,18.87
486882,24.95
486886,18.6
486887,30.0
486889,3.07
486892,30.0
487001,12.16
487110,16.82
487114,21.98
487118,20.69
487221,7.52
487225,23.94
487330,26.96
487334,30.0
487337,30.0
487441,22.48
487551,24.62
487555,15.79
487661,30.0
487770,13.51
487881,10.78
488001,30.0
488050,30.0
488059,29.67
488220,17.36
488222,17.5
488333,23.58
488441,10.34
488442,30.0
488443,30.0
488446,15.22
488448,30.0
490001,9.88
490006,6.28
490009,7.58
490011,4.38
490020,5.92
490021,7.28
490023,7.49
490024,10.85
490025,11.25
490036,12.96
490042,14.11
491001,15.16
491107,12.17
491111,13.75
491221,14.62
491222,19.83
491223,14.0
491225,14.42
491226,11.42
491227,30.0
491228,26.67
491229,30.0
491230,30.0
491331,18.14
491332,12.28
491335,14.18
491336,28.84
491337,23.2
491338,28.93
491340,13.22
491441,17.62
491444,30.0
491445,9.0
491557,22.31
491558,30.0
491559,15.86
491661,13.32
491665,14.28
491666,30.0
491668,30.0
491771,30.0
491881,11.27
491885,6.06
491888,30.0
491993,17.32
491995,18.39
492001,1.67
492004,0.49
492008,4.01
492009,4.59
492010,14.06
492013,4.93
492015,19.24
492099,13.96
492101,24.28
492109,14.9
492112,18.98
493101,9.49
493111,13.34
493113,18.92
493114,19.17
493116,18.82
493118,28.73
493195,14.39
493196,21.8
493221,15.16
493222,14.67
493225,26.51
493228,23.36
493229,23.8
493331,30.0
493332,10.33
493335,27.48
493338,24.16
493344,14.79
493441,20.94
493445,16.5
493448,25.18
493449,10.26
493526,24.58
493551,5.65
493554,21.21
493555,30.0
493558,20.02
493559,20.85
493661,19.72
493662,16.43
493663,19.28
493770,9.04
493773,11.15
493776,30.0
493778,26.72
493885,13.43
493888,7.13
493889,30.0
493890,30.0
493891,21.98
493992,12.5
493996,14.23
494001,30.0
494010,3.76
494111,7.06
494114,30.0
494115,15.78
494122,30.0
494221,30.0
494222,23.35
494223,9.4
494224,15.39
494226,24.16
494228,1.89
494229,30.0
494230,21.02
494237,16.17
494332,30.0
494333,30.0
494334,27.1
494335,29.73
494336,5.95
494337,24.31
494347,30.0
494441,4.42
494442,5.65
494444,30.0
494446,30.0
494447,13.41
494448,18.55
494449,28.09
494450,30.0
494552,5.56
494553,30.0
494556,3.95
494635,5.01
494661,2.88
494665,29.85
494669,26.04
494670,30.0
494771,23.05
494776,17.31
494777,30.0
495001,15.55
495003,21.53
495004,5.63
495006,25.11
495009,18.45
495112,17.77
495113,9.61
495115,9.33
495116,9.04
495117,18.36
495118,17.65
495119,11.9
495220,5.8
495222,30.0
495224,19.97
495330,6.94
495334,9.73
495335,30.0
495442,13.65
495445,15.07
495446,8.91
495447,0.84
495448,30.0
495449,14.96
495450,5.95
495452,9.11
495454,3.03
495550,7.05
495551,10.33
495552,6.6
495553,8.01
495554,5.98
495555,23.12
495556,6.5
495557,7.72
495559,8.17
495660,10.58
495661,6.94
495663,3.37
495668,6.78
495669,13.34
495671,6.83
495674,16.04
495677,25.05
495682,0.77
495683,6.15
495684,9.69
495686,1.76
495687,4.75
495688,5.66
495689,8.43
495690,5.89
495691,9.09
495692,9.6
495695,26.23
496001,10.47
496005,2.36
496100,4.82
496107,5.19
496111,12.31
496113,10.2
496115,30.0
496116,14.33
496118,30.0
496220,30.0
496223,17.53
496224,19.99
496225,27.86
496227,8.84
496242,25.54
496245,19.22
496330,30.0
496331,30.0
496334,30.0
496336,18.06
496338,30.0
496440,30.0
496445,30.0
496450,24.73
496551,30.0
496554,8.47
496661,10.15
496665,8.4
497001,30.0
497101,30.0
497111,30.0
497114,30.0
497116,30.0
497117,30.0
497118,14.89
497119,10.46
497220,26.53
497223,2.09
497224,30.0
497225,30.0
497226,11.61
497229,0.04
497231,30.0
497235,8.3
497331,24.64
497333,7.33
497335,24.44
497339,0.39
497442,14.87
497447,30.0
497449,6.37
497559,30.0
497778,11.35
500001,22.13
500004,0.56
500005,1.76
500006,27.95
500007,30.0
500008,19.54
500010,0.63
500013,1.15
500015,21.84
500016,0.62
500017,0.55
500018,16.62
500020,17.95
500025,30.0
500027,23.23
500029,17.12
500032,1.41
500035,0.78
500037,0.62
500038,22.72
500044,20.15
500045,0.55
500047,0.78
500049,20.37
500053,0.46
500056,2.21
500059,2.39
500060,5.21
500062,1.76
500063,0.15
500065,1.5
500070,0.63
500072,15.98
500074,0.14
500076,0.72
500079,2.17
500082,0.32
500090,12.71
500091,30.0
500095,1.53
501359,4.12
501505,4.73
502001,30.0
502032,10.6
502103,30.0
502110,0.53
502210,0.14
502221,30.0
502290,2.78
502319,0.9
503001,30.0
503002,30.0
503003,17.97
503101,4.38
503102,11.18
503108,3.28
503110,5.41
503112,7.11
503114,4.98
503120,3.46
503122,4.87
503123,30.0
503124,3.9
503125,6.9
503144,5.82
503145,2.93
503164,1.97
503165,6.41
503175,6.55
503180,16.12
503185,12.13
503186,2.87
503187,6.98
503188,2.27
503201,16.51
503202,4.28
503206,3.26
503207,4.29
503212,4.07
503213,4.35
503217,2.44
503218,24.76
503219,3.72
503223,3.11
503225,5.02
503230,29.94
503235,4.02
503245,4.0
503246,3.65
503301,12.11
503302,1.71
503305,5.63
503306,4.22
503307,4.27
503308,13.87
503309,5.98
503310,4.65
503311,4.8
503321,3.21
504001,30.0
504002,18.98
504101,30.0
504102,7.99
504103,18.73
504104,30.0
504105,2.85
504106,25.51
504109,3.45
504110,30.0
504201,8.7
504202,12.0
504203,17.74
504204,30.0
504205,1.5
504206,7.1
504207,4.89
504208,0.78
504209,4.13
504214,30.0
504215,30.0
504216,5.05
504219,11.46
504231,1.61
504251,20.79
504272,3.2
504273,11.26
504292,5.38
504293,12.08
504294,30.0
504295,4.49
504296,6.67
504297,10.26
504299,19.83
504301,0.66
504302,2.08
504304,8.34
504306,25.99
504307,3.96
504308,12.54
504309,17.09
504310,7.72
504311,8.03
504312,10.04
504313,6.14
504323,6.41
504346,30.0
505001,30.0
505002,4.13
505101,22.62
505102,30.0
505122,3.77
505129,4.03
505152,3.06
505153,6.04
505162,19.4
505172,0.65
505174,6.64
505184,10.23
505185,8.52
505186,3.15
505187,4.93
505188,2.83
505208,2.28
505209,3.39
505212,2.43
505215,29.45
505301,6.91
505302,5.53
505303,2.76
505304,5.09
505305,6.28
505306,5.63
505307,5.17
505325,21.7
505326,0.36
505327,0.31
505330,5.51
505331,30.0
505401,3.62
505402,3.44
505403,4.1
505404,12.78
505405,13.07
505415,6.55
505416,30.0
505425,6.69
505445,4.36
505450,10.06
505451,10.32
505452,10.44
505453,5.71
505454,14.68
505455,4.77
505460,5.64
505462,6.09
505466,4.46
505467,11.95
505469,14.42
505470,2.56
505471,7.79
505472,14.52
505473,7.85
505474,5.4
505475,2.61
505476,3.46
505480,2.23
505481,9.29
505490,2.61
505497,2.87
505498,4.81
505501,3.89
505502,10.91
505503,9.57
505504,30.0
505505,3.71
505514,6.15
505524,5.5
505525,4.76
505526,4.27
505527,3.75
505528,4.95
505529,5.47
505530,10.63
505531,5.23
505532,5.76
506001,30.0
506002,22.29
506003,30.0
506004,30.0
506009,1.22
506011,20.51
506015,2.54
506142,6.36
506143,5.68
506144,3.78
506145,23.33
506151,3.53
506165,0.67
506169,30.0
506170,30.0
506172,3.29
506175,24.57
506201,30.0
506221,6.35
506223,15.59
506224,30.0
506244,30.0
506252,5.0
506301,0.65
506302,5.45
506303,30.0
506319,4.02
506342,30.0
506343,2.69
506344,15.12
506345,5.69
506347,7.67
506348,5.6
506349,7.0
506352,5.36
506355,28.77
506356,8.32
506365,0.62
506366,7.16
506367,30.0
506368,2.8
506370,0.0
506371,4.09
506391,3.99
507001,15.38
507002,9.81
507003,11.58
507101,10.65
507103,1.61
507111,1.41
507114,30.0
507115,8.69
507116,9.32
507117,14.69
507118,16.3
507120,3.52
507122,14.26
507123,5.9
507124,17.07
507128,1.68
507133,24.21
507136,30.0
507137,9.06
507140,12.68
507157,1.56
507158,9.52
507159,2.55
507160,13.87
507161,2.38
507163,30.0
507164,30.0
507165,5.9
507166,14.32
507167,1.29
507168,13.17
507169,25.12
507170,15.94
507182,30.0
507183,1.46
507201,18.81
507202,30.0
507203,4.03
507204,20.34
507208,7.28
507209,12.1
507210,6.95
507211,30.0
507301,9.1
507302,24.24
507303,6.14
507304,11.95
507305,9.19
507306,16.93
507316,30.0
507318,29.55
508001,0.71
508002,0.39
508004,3.49
508101,8.57
508105,13.64
508111,11.62
508112,6.23
508113,6.05
508114,5.76
508115,6.34
508117,5.94
508126,6.99
508201,13.7
508202,22.17
508204,9.1
508205,5.36
508206,5.09
508208,9.01
508210,6.34
508211,6.25
508212,9.41
508213,24.9
508214,10.07
508217,5.22
508218,9.01
508221,5.31
508223,8.04
508224,8.35
508233,2.96
508234,4.23
508238,21.19
508243,7.71
508244,21.45
508245,30.0
508246,5.02
508247,7.54
508248,14.81
508250,20.79
508252,6.9
508253,10.04
508254,4.99
508255,5.68
508256,8.11
508257,10.23
508258,12.45
508266,6.4
508277,7.9
508278,6.72
508279,4.5
508280,7.55
508284,19.99
508285,4.85
508286,5.88
508355,6.51
508373,6.29
508374,30.0
508376,3.69
508377,22.61
509001,8.65
509002,4.81
509126,17.23
509127,5.98
509128,8.47
509129,17.36
509130,0.04
509131,6.47
509132,30.0
509133,8.9
509135,12.08
509152,30.0
509153,4.38
509204,6.69
509205,5.7
509208,8.78
509210,7.3
509219,3.96
509311,4.69
509324,30.0
509334,5.69
509335,4.74
509336,11.23
509337,4.45
509338,6.66
509339,5.27
509340,8.34
509350,11.16
509351,3.61
509352,6.47
509353,5.52
509371,6.24
509380,20.17
509382,15.83
509407,4.99
509409,4.68
509411,9.48
515001,1.05
515002,4.39
515004,3.79
515005,0.54
515101,4.96
515110,13.75
515122,0.72
515123,0.6
515124,12.91
515133,3.48
515134,6.53
515144,5.9
515154,4.93
515159,11.45
515164,4.08
515201,0.85
515202,1.35
515211,1.11
515212,0.66
515231,1.06
515241,4.79
515261,7.05
515271,14.3
515281,0.1
515286,0.02
515291,1.0
515301,0.21
515303,5.9
515305,9.0
515311,18.69
515321,12.9
515331,0.09
515341,5.8
515401,25.31
515402,16.98
515405,9.59
515408,30.0
515411,28.39
515414,16.49
515415,7.88
515425,30.0
515435,13.52
515445,2.28
515455,11.71
515465,30.0
515501,4.56
515511,0.19
515521,30.0
515531,1.86
515541,19.21
515551,9.91
515556,4.29
515561,0.28
515571,0.18
515581,14.67
515591,3.27
515601,1.29
515611,30.0
515621,24.34
515631,0.9
515641,3.09
515651,0.2
515661,3.7
515671,0.15
515672,7.39
515701,30.0
515711,30.0
515721,14.76
515722,9.34
515731,30.0
515741,16.58
515751,23.32
515761,16.19
515763,30.0
515765,9.44
515766,17.49
515767,16.22
515774,20.19
515775,10.51
515787,15.37
515801,4.7
515803,30.0
515812,30.0
515822,12.18
515832,18.32
515842,30.0
515863,13.2
515865,30.0
515867,30.0
515870,30.0
515871,17.26
516001,3.11
516002,2.6
516003,4.43
516004,1.13
516101,30.0
516104,3.5
516105,3.32
516107,4.61
516108,4.16
516110,17.16
516115,0.12
516126,7.54
516127,14.43
516128,10.93
516129,12.42
516130,6.33
516150,3.73
516151,5.9
516152,2.17
516162,3.04
516163,0.49
516172,13.32
516173,2.82
516175,12.39
516193,7.83
516203,5.09
516213,3.1
516214,8.13
516215,5.89
516216,30.0
516217,4.82
516218,7.25
516227,5.29
516228,14.97
516233,30.0
516237,3.77
516247,8.42
516257,5.18
516259,6.02
516267,5.66
516268,5.06
516269,7.73
516270,3.34
516289,13.92
516293,8.21
516309,17.52
516310,6.63
516312,2.32
516321,3.87
516329,3.2
516339,4.53
516349,4.93
516350,14.05
516355,2.49
516356,2.09
516359,5.46
516360,8.62
516361,23.61
516362,25.32
516380,7.08
516390,30.0
516391,4.66
516396,15.68
516401,3.84
516411,5.36
516421,6.03
516431,5.08
516432,4.72
516433,3.71
516434,12.82
516444,30.0
516454,4.64
516464,0.0
516474,30.0
516484,24.74
516501,3.62
516502,5.07
516503,7.08
516504,5.37
516505,16.28
517001,0.51
517002,30.0
517004,1.21
517101,3.13
517102,19.73
517112,11.23
517113,14.05
517123,0.05
517124,0.66
517125,0.03
517126,26.09
517127,24.07
517128,30.0
517129,0.1
517130,26.47
517131,30.0
517132,0.05
517152,3.57
517167,13.69
517172,3.13
517192,14.19
517193,2.11
517194,4.98
517213,9.48
517214,8.82
517234,7.8
517235,20.89
517236,4.38
517237,7.27
517247,0.0
517257,0.0
517277,3.4
517280,5.03
517291,3.51
517297,8.58
517299,3.32
517305,30.0
517319,0.0
517325,0.29
517326,0.0
517350,0.0
517351,3.97
517352,9.24
517370,0.0
517390,0.05
517391,0.04
517401,0.02
517403,0.0
517408,0.12
517414,12.92
517415,4.22
517416,0.0
517417,0.0
517418,0.02
517419,1.49
517421,0.0
517422,0.0
517423,30.0
517424,0.14
517425,0.0
517426,0.0
517429,27.96
517432,1.41
517501,30.0
517502,18.27
517503,2.0
517504,30.0
517505,30.0
517507,5.98
517520,4.33
517526,14.04
517536,4.21
517541,4.37
517551,3.29
517561,9.93
517569,30.0
517571,2.28
517581,4.72
517582,4.47
517583,2.38
517584,18.91
517586,15.49
517587,4.21
517588,5.12
517589,12.9
517590,3.02
517591,3.31
517592,1.07
517599,0.0
517619,8.15
517620,14.88
517640,2.23
517641,2.68
517642,4.29
517643,6.8
517644,0.81
517645,19.86
518001,18.59
518002,0.82
518004,7.89
518112,4.95
518122,6.45
518123,5.03
518124,7.46
518134,6.09
518135,7.3
518145,2.96
518155,13.84
518165,3.28
518166,5.31
518176,4.86
518196,4.59
518222,30.0
518301,1.49
518360,0.54
518401,12.72
518432,30.0
518501,30.0
518502,11.97
518510,9.38
518511,4.5
518512,2.59
518513,2.55
518523,4.19
518543,9.26
518553,11.6
518563,2.59
518573,3.61
518583,3.95
518593,4.03
518594,5.92
518674,4.5
520001,0.89
520002,1.08
520003,12.36
520004,17.66
520007,1.79
520008,0.78
520010,8.44
520011,17.29
520012,7.88
520013,0.98
520015,1.18
521001,8.3
521002,30.0
521003,30.0
521101,7.34
521102,1.71
521104,1.74
521105,30.0
521106,3.75
521107,15.27
521108,1.1
521109,3.3
521110,19.43
521111,4.21
521134,6.3
521139,2.44
521148,1.65
521151,11.4
521157,26.48
521163,2.67
521164,1.66
521165,1.69
521170,3.19
521175,30.0
521178,8.06
521180,10.94
521181,16.06
521182,6.63
521183,17.41
521184,3.61
521185,11.15
521190,5.29
521201,1.21
521202,4.5
521207,5.55
521211,5.36
521212,6.25
521213,4.99
521214,6.39
521215,5.34
521226,10.43
521227,6.29
521228,2.55
521229,18.03
521230,7.72
521235,4.5
521241,2.1
521245,1.72
521246,26.82
521247,2.58
521250,2.57
521256,1.49
521260,30.0
521261,1.61
521263,2.21
521286,2.46
521301,1.92
521311,2.04
521312,7.92
521321,30.0
521322,2.23
521323,2.85
521324,6.29
521325,3.8
521326,3.19
521327,3.66
521329,18.03
521330,3.37
521333,21.29
521340,3.57
521343,3.35
521344,4.75
521345,23.07
521366,0.67
521390,1.61
521401,7.91
521402,6.42
521403,5.63
521456,15.29
521457,4.44
522001,18.89
522002,18.34
522003,12.44
522004,1.22
522005,2.13
522006,0.86
522007,18.32
522009,18.89
522015,3.52
522016,4.79
522017,7.88
522018,15.21
522019,9.78
522020,4.71
522034,9.46
522101,0.57
522102,30.0
522112,3.55
522124,0.5
522201,28.95
522202,30.0
522233,2.87
522234,2.59
522235,3.16
522236,3.91
522237,13.94
522265,0.54
522302,2.4
522303,1.68
522305,10.69
522316,3.15
522401,13.18
522402,5.97
522403,0.07
522408,13.06
522409,5.92
522410,6.39
522411,7.37
522412,16.59
522413,7.39
522414,6.43
522415,5.84
522421,4.39
522426,19.56
522435,25.77
522436,3.83
522437,8.52
522438,4.77
522439,30.0
522501,3.29
522502,3.3
522503,1.84
522508,2.47
522509,2.82
522529,4.51
522549,12.49
522601,3.77
522603,11.81
522611,2.95
522612,6.26
522613,6.11
522614,8.61
522615,8.55
522616,6.7
522617,24.04
522619,25.76
522626,3.04
522646,5.21
522647,15.06
522649,4.74
522657,19.76
522658,3.2
522659,3.8
522660,6.48
522661,4.25
522663,19.46
523001,0.92
523002,0.7
523101,12.62
523104,1.7
523105,30.0
523108,7.3
523109,6.78
523110,10.84
523111,8.3
523112,15.62
523113,4.26
523114,4.92
523115,3.5
523116,30.0
523117,16.69
523135,30.0
523155,0.61
523157,2.2
523165,0.94
523166,2.08
523167,3.94
523168,2.72
523169,6.4
523170,30.0
523171,5.69
523180,3.52
523181,3.16
523182,3.29
523183,22.85
523184,2.54
523185,3.19
523186,4.66
523187,0.66
523190,3.8
523201,15.73
523211,10.11
523212,14.83
523213,28.6
523214,3.66
523223,5.45
523224,11.41
523225,6.98
523226,18.24
523227,3.47
523228,8.44
523230,30.0
523241,9.83
523245,8.32
523246,6.51
523247,10.03
523252,3.4
523253,12.0
523254,19.2
523260,5.1
523261,3.42
523262,2.43
523263,4.57
523264,11.07
523265,23.04
523270,7.89
523271,7.0
523272,12.36
523273,2.24
523274,3.87
523279,30.0
523280,2.71
523281,4.68
523286,4.39
523291,2.9
523292,4.61
523301,30.0
523302,5.09
523303,30.0
523304,11.42
523305,7.54
523315,5.2
523316,0.26
523320,5.95
523326,5.51
523327,14.82
523328,18.46
523329,5.54
523330,6.94
523331,5.65
523332,4.06
523333,10.9
523334,4.25
523335,1.95
523336,4.24
523346,4.92
523356,1.75
523357,3.75
523367,3.81
523368,25.51
523369,15.67
523370,9.44
523371,4.77
523372,4.32
523373,7.3
524001,0.58
524002,11.68
524003,30.0
524004,6.59
524101,0.81
524121,13.43
524123,5.53
524124,22.54
524126,3.67
524127,3.84
524129,30.0
524131,9.89
524132,3.6
524134,11.4
524137,4.64
524142,30.0
524152,19.53
524201,1.26
524203,15.23
524221,30.0
524222,29.93
524223,11.28
524224,30.0
524225,18.25
524226,30.0
524227,28.5
524228,30.0
524230,22.17
524234,6.56
524236,30.0
524239,12.54
524240,20.12
524302,19.29
524303,6.72
524304,6.78
524305,1.26
524306,17.33
524307,4.37
524308,5.12
524309,7.46
524310,30.0
524311,4.25
524312,4.65
524313,3.64
524314,13.84
524315,13.97
524316,30.0
524317,2.13
524318,9.45
524319,5.56
524320,18.37
524321,4.72
524322,15.08
524323,27.96
524341,9.67
524342,3.33
524343,1.09
524344,30.0
524345,1.98
524346,12.61
524347,1.42
524366,30.0
524401,30.0
524402,5.15
524403,17.29
524404,6.58
524405,1.66
524406,30.0
524407,8.43
524408,4.78
524409,11.89
524410,4.15
524411,17.52
524412,1.23
524413,30.0
524414,13.31
524415,7.28
524421,30.0
530001,0.44
530002,0.39
530003,0.79
530004,1.51
530005,2.65
530007,2.99
530008,0.79
530009,1.13
530012,2.94
530014,6.79
530016,30.0
530017,0.36
530020,0.35
530022,0.23
530027,1.1
530028,0.5
530029,0.36
530031,9.71
530032,0.71
530040,1.75
530043,0.12
530044,2.82
530045,1.27
530047,5.99
530048,1.55
530049,0.65
530051,0.6
530052,8.66
530053,11.89
531001,0.42
531002,5.45
531011,4.01
531019,3.23
531020,1.75
531021,3.27
531022,21.0
531023,3.06
531024,30.0
531025,3.94
531026,15.24
531027,4.35
531028,14.01
531029,12.48
531030,22.42
531031,5.65
531032,4.31
531033,2.94
531034,3.19
531035,3.84
531036,24.97
531040,11.97
531055,9.43
531060,2.25
531061,3.9
531075,16.11
531077,18.44
531081,3.73
531082,0.91
531083,3.52
531084,5.63
531085,4.89
531087,4.76
531105,4.46
531111,14.76
531113,4.4
531114,10.18
531115,6.24
531117,3.35
531118,8.69
531126,4.76
531127,3.28
531133,7.08
531149,12.35
531151,9.93
531162,13.86
531163,9.06
531173,8.05
531219,14.0
532001,2.42
532005,0.0
532122,0.0
532123,6.67
532127,30.0
532148,26.16
532168,2.14
532186,5.06
532190,0.0
532195,4.81
532203,6.16
532211,20.53
532212,1.6
532213,0.0
532214,2.7
532215,3.47
532216,30.0
532218,0.84
532219,0.0
532220,1.77
532221,4.26
532222,0.0
532242,0.0
532243,1.22
532263,0.0
532264,2.47
532284,1.23
532290,0.0
532291,0.0
532292,0.0
532312,1.18
532322,0.0
532401,0.01
532402,0.12
532403,1.71
532404,0.0
532405,4.46
532406,0.0
532407,1.86
532408,0.0
532409,1.82
532410,3.45
532421,6.3
532425,1.55
532426,8.88
532427,0.0
532428,0.02
532429,0.0
532430,13.04
532432,5.96
532445,5.63
532455,12.7
532456,18.5
532457,3.15
532458,11.21
532459,12.45
532474,2.13
532484,30.0
533001,1.27
533002,0.55
533003,13.07
533004,23.24
533005,30.0
533006,5.6
533016,24.75
533101,11.64
533102,10.2
533103,0.71
533105,15.87
533106,0.93
533107,8.8
533124,23.7
533125,1.7
533126,2.93
533201,0.4
533232,2.47
533233,30.0
533234,2.24
533249,0.07
533256,11.07
533260,22.57
533261,2.69
533262,4.06
533263,11.06
533264,30.0
533284,23.9
533285,16.92
533286,18.32
533287,24.24
533288,7.55
533289,5.12
533290,5.45
533291,3.31
533292,3.79
533293,2.35
533294,3.96
533295,8.26
533296,7.58
533297,30.0
533305,16.3
533306,18.9
533307,2.65
533308,2.03
533309,26.17
533339,4.74
533340,12.91
533341,4.07
533342,4.85
533343,5.46
533344,2.11
533345,1.43
533346,16.56
533347,30.0
533348,5.04
533349,9.2
533350,6.17
533351,30.0
533352,30.0
533401,24.05
533406,9.08
533407,10.19
533408,2.85
533428,30.0
533429,30.0
533430,3.08
533431,4.09
533432,6.37
533433,7.17
533434,5.68
533435,26.33
533436,9.84
533437,5.68
533440,30.0
533444,2.79
533445,3.55
533446,14.46
533447,30.0
533448,1.49
533449,29.96
533450,16.91
533461,30.0
533462,30.0
533463,3.15
533464,17.24
533468,2.95
533483,30.0
534001,1.12
534002,8.09
534003,3.22
534004,4.29
534005,0.58
534006,1.03
534007,19.63
534101,1.79
534102,7.17
534111,3.39
534112,30.0
534122,1.56
534123,2.45
534124,1.43
534126,13.82
534134,2.91
534145,30.0
534146,18.18
534156,3.75
534165,1.46
534166,30.0
534176,30.0
534186,3.36
534195,2.3
534196,13.9
534197,30.0
534198,30.0
534199,3.73
534201,0.88
534202,1.88
534204,0.73
534206,11.53
534207,2.46
534208,2.45
534209,16.88
534210,2.87
534211,1.11
534216,19.23
534217,2.02
534218,14.67
534222,2.23
534225,6.86
534227,30.0
534230,19.83
534235,13.07
534236,4.21
534237,2.04
534238,1.53
534239,3.55
534240,30.0
534243,1.58
534244,0.61
534245,1.72
534247,1.68
534250,30.0
534260,0.16
534265,14.41
534266,29.1
534267,30.0
534268,3.23
534269,2.71
534275,3.66
534280,3.66
534281,4.43
534301,22.22
534302,3.69
534305,4.06
534311,16.07
534312,28.03
534313,20.99
534315,10.76
534316,30.0
534318,30.0
534320,2.38
534324,30.0
534326,1.72
534327,1.55
534328,2.3
534329,3.03
534330,2.93
534331,5.13
534338,1.36
534340,8.04
534341,30.0
534342,3.38
534350,0.21
534401,2.98
534406,16.49
534411,30.0
534416,1.05
534425,6.87
534426,6.41
534427,3.35
534432,3.06
534435,2.74
534437,8.86
534442,1.78
534444,0.0
534448,19.56
534449,3.18
534450,3.37
534451,30.0
534452,18.21
534455,8.27
534456,12.56
534460,30.0
534461,5.39
534462,30.0
534467,17.68
534475,6.8
535001,0.61
535002,1.54
535003,4.55
535004,3.23
535005,30.0
535006,2.01
535101,0.34
535128,2.22
535145,30.0
535148,30.0
535160,30.0
535161,30.0
535183,25.84
535204,4.3
535213,24.55
535214,30.0
535215,30.0
535216,30.0
535217,3.93
535218,11.22
535220,30.0
535221,10.83
535240,11.89
535250,16.15
535260,30.0
535270,30.0
535273,30.0
535280,18.59
535281,29.78
535501,0.67
535525,30.0
535580,21.38
535581,30.0
535591,0.41
560001,18.43
560002,8.07
560003,0.37
560004,0.72
560006,22.15
560007,30.0
560008,30.0
560009,0.17
560010,0.87
560011,0.36
560013,0.81
560016,1.23
560017,30.0
560018,0.77
560021,0.79
560022,0.94
560024,24.66
560025,30.0
560026,0.89
560027,0.85
560029,1.06
560032,4.05
560034,1.07
560036,0.63
560037,30.0
560040,0.97
560041,0.42
560043,5.02
560047,2.33
560048,0.93
560049,30.0
560050,0.57
560054,0.52
560056,0.55
560058,1.42
560060,2.44
560061,0.61
560062,2.88
560063,22.3
560064,4.23
560066,30.0
560067,30.0
560068,2.17
560070,0.9
560073,17.08
560074,2.95
560075,30.0
560076,1.81
560077,0.97
560078,1.23
560079,0.7
560082,1.17
560083,3.72
560084,0.32
560085,0.8
560086,0.43
560087,3.44
560089,0.0
560090,0.0
560091,2.18
560092,7.74
560094,30.0
560098,0.87
560099,2.53
560105,2.68
560116,2.26
560117,2.43
561101,3.19
561201,14.3
561202,23.53
561203,8.09
561204,8.62
561205,3.62
561206,3.42
561207,8.65
561208,4.48
561209,17.8
561210,4.03
561211,5.23
561212,4.14
561213,4.12
561228,24.0
562101,6.03
562102,8.8
562103,11.33
562104,5.85
562105,7.2
562106,4.22
562107,2.72
562108,6.41
562109,5.89
562110,5.7
562111,5.82
562112,5.34
562114,5.96
562117,7.65
562119,6.27
562120,7.81
562121,4.4
562122,4.83
562123,5.81
562125,4.0
562126,5.36
562127,5.67
562128,14.35
562129,4.28
562130,9.55
562131,13.32
562132,2.88
562135,4.12
562138,5.6
562149,10.49
562157,6.34
562159,7.85
562160,4.38
562162,4.43
562163,4.66
562164,26.9
563101,9.73
563103,5.48
563113,5.77
563114,4.9
563115,1.12
563116,4.56
563120,1.08
563121,5.49
563122,0.48
563123,12.49
563124,18.98
563125,10.27
563126,12.69
563127,5.42
563128,4.3
563129,4.51
563130,6.27
563131,9.99
563132,11.37
563133,3.11
563134,12.51
563135,6.86
563136,4.04
563137,5.08
563138,8.91
563139,4.29
563146,9.97
563147,4.89
563157,4.03
563159,14.18
563161,15.51
563162,3.83
563163,0.0
570001,0.39
570002,0.57
570004,0.67
570005,0.47
570006,0.0
570008,30.0
570010,0.39
570015,0.69
570016,1.0
570023,2.15
571101,0.06
571111,0.28
571118,4.26
571189,2.28
571201,6.61
571211,4.35
571212,4.33
571213,8.06
571214,3.43
571215,2.77
571216,4.53
571217,2.69
571218,6.05
571219,1.93
571231,2.05
571232,3.48
571234,4.91
571235,3.73
571236,5.66
571237,3.29
571247,5.82
571248,14.44
571249,6.62
571250,1.41
571251,4.9
571252,3.8
571253,3.41
571254,2.1
571301,0.44
571320,30.0
571401,0.92
571405,2.83
571425,3.48
571430,0.56
571440,0.04
571477,2.35
571490,21.55
572101,30.0
572102,30.0
572103,30.0
572104,30.0
572105,30.0
572106,30.0
572107,5.63
572111,30.0
572112,14.97
572113,30.0
572114,2.32
572115,16.97
572116,12.93
572117,19.86
572118,4.51
572119,30.0
572120,30.0
572121,8.19
572122,30.0
572123,30.0
572124,24.72
572125,27.9
572126,30.0
572127,28.91
572128,3.71
572129,13.28
572130,12.57
572132,0.21
572133,0.09
572134,20.79
572135,30.0
572136,10.58
572137,24.39
572138,20.82
572139,12.82
572140,10.25
572141,2.85
572142,18.94
572175,8.53
572201,24.5
572211,30.0
572212,21.29
572213,10.76
572214,25.87
572215,6.83
572216,30.0
572217,20.39
572218,21.01
572219,10.15
572220,8.08
572221,20.77
572222,29.08
572223,12.84
572224,22.34
572225,13.13
572226,7.83
572227,12.92
572228,10.43
573101,2.47
573102,7.19
573103,5.71
573111,8.68
573112,4.21
573113,15.38
573115,8.37
573116,7.01
573117,2.8
573118,4.92
573119,4.59
573120,3.92
573121,4.78
573122,4.41
573123,5.4
573124,3.94
573125,4.65
573126,3.0
573127,3.21
573128,5.27
573129,3.84
573130,4.89
573131,7.04
573133,3.54
573134,5.3
573135,4.46
573136,18.09
573137,4.98
573141,3.37
573142,3.43
573144,3.31
573162,1.8
573164,12.43
573165,6.05
573201,30.0
573202,2.0
573210,18.49
573211,8.06
573212,10.34
573213,6.57
573214,3.82
573215,4.75
573216,4.19
573217,4.64
573218,6.31
573219,4.83
573220,3.19
573225,6.1
573226,5.07
574101,3.41
574102,1.62
574103,1.3
574104,0.35
574105,2.12
574106,2.21
574107,4.8
574108,7.48
574109,3.2
574110,11.48
574111,2.25
574113,1.53
574114,2.34
574115,1.31
574116,2.98
574117,1.35
574118,2.14
574119,1.38
574122,3.63
574129,1.54
574141,1.22
574142,2.47
574143,1.66
574144,4.07
574145,1.4
574146,1.97
574150,1.81
574151,1.74
574153,2.85
574154,2.27
574197,2.48
574198,20.07
574199,1.93
574201,0.48
574202,4.74
574203,1.73
574210,3.42
574211,4.47
574212,4.75
574213,29.99
574214,7.06
574216,2.61
574217,5.2
574218,5.32
574219,2.77
574220,1.74
574221,16.39
574222,2.4
574223,3.45
574224,1.88
574226,0.51
574227,3.04
574228,16.18
574229,6.68
574230,23.41
574231,3.18
574232,2.87
574233,3.2
574234,2.0
574235,0.78
574236,2.51
574237,2.23
574238,2.44
574239,5.13
574240,2.57
574241,4.56
574242,3.59
574243,5.76
574244,3.55
574248,2.78
574253,2.17
574259,15.57
574260,2.92
574265,2.19
574274,17.75
574279,1.85
574285,23.48
574313,2.59
574314,3.36
574323,2.7
574324,1.89
574325,2.92
574326,3.5
574328,4.41
574509,1.25
575001,0.93
575002,1.29
575003,0.9
575007,2.11
575008,1.4
575010,0.67
575011,2.05
575013,3.8
575014,0.62
575015,0.89
575017,1.37
575018,1.85
575019,0.86
575022,0.51
575023,1.44
575028,1.15
575029,2.11
575030,1.91
576101,1.16
576102,1.86
576103,1.5
576104,0.76
576105,1.92
576106,1.14
576107,2.32
576108,1.71
576111,1.74
576112,4.64
576113,3.02
576115,1.07
576117,3.42
576120,2.45
576121,2.9
576122,1.31
576124,4.92
576201,0.42
576210,3.8
576211,3.02
576212,4.31
576213,2.91
576214,3.91
576215,6.88
576217,2.16
576218,0.75
576219,2.42
576221,1.96
576222,5.56
576223,3.06
576224,2.33
576225,1.78
576226,1.25
576227,4.93
576229,13.63
576230,8.71
576231,1.85
576232,1.39
576233,5.82
576234,3.39
576235,2.55
576247,1.15
576257,0.69
576282,1.98
576283,4.68
577001,30.0
577002,30.0
577003,1.82
577004,1.59
577005,30.0
577006,30.0
577007,26.24
577101,5.4
577102,1.76
577111,5.12
577112,4.73
577113,3.52
577114,2.35
577115,12.83
577116,7.85
577117,1.33
577120,3.71
577121,3.59
577122,2.14
577123,3.56
577124,3.12
577126,7.1
577127,6.19
577129,4.72
577130,6.09
577131,5.31
577132,6.99
577133,4.01
577134,6.25
577135,2.38
577136,5.15
577137,2.24
577138,3.96
577139,5.51
577140,4.29
577144,3.25
577145,1.64
577146,3.95
577160,3.16
577168,4.11
577175,2.01
577179,2.21
577180,3.75
577182,4.95
577201,1.77
577202,4.1
577203,3.19
577204,8.67
577205,30.0
577211,4.52
577213,21.84
577214,24.31
577215,30.0
577216,4.96
577217,7.99
577218,22.49
577219,4.46
577220,2.98
577221,10.51
577222,3.61
577223,12.11
577224,4.11
577225,8.4
577226,5.17
577227,5.43
577228,6.15
577229,8.13
577230,3.69
577231,5.12
577232,3.66
577233,6.66
577243,4.65
577245,8.57
577301,30.0
577302,1.57
577401,21.48
577411,30.0
577412,10.63
577413,8.37
577414,13.15
577415,5.76
577416,30.0
577417,18.68
577418,9.52
577419,9.53
577421,8.69
577422,12.25
577423,24.63
577424,30.0
577425,16.85
577426,6.18
577427,7.39
577428,7.3
577429,20.13
577430,4.56
577431,20.1
577432,7.05
577433,29.65
577434,14.73
577435,17.96
577436,10.02
577452,30.0
577453,30.0
577501,30.0
577502,30.0
577511,30.0
577512,6.24
577513,30.0
577514,30.0
577515,30.0
577516,30.0
577517,30.0
577518,30.0
577519,30.0
577520,5.23
577521,30.0
577522,23.88
577523,12.98
577524,6.45
577525,30.0
577526,30.0
577527,20.85
577528,30.0
577529,30.0
577530,30.0
577531,30.0
577532,6.43
577533,12.9
577534,30.0
577535,30.0
577536,30.0
577537,30.0
577538,10.68
577539,10.53
577540,18.31
577541,30.0
577542,30.0
577543,30.0
577544,2.68
577545,10.94
577546,30.0
577547,8.77
577548,7.43
577549,2.32
577550,3.35
577551,11.96
577552,5.05
577553,30.0
577554,14.6
577555,6.89
577556,30.0
577557,23.26
577558,30.0
577566,1.33
577589,30.0
577596,30.0
577597,24.78
577598,30.0
577599,30.0
577601,30.0
580001,0.77
580002,0.53
580005,1.07
580006,0.01
580007,7.19
580008,0.56
580009,1.63
580011,3.94
580020,0.67
580021,0.4
580023,7.98
580024,7.56
580025,1.29
580028,9.24
580029,1.15
580030,1.43
580031,0.58
580112,7.06
580114,4.66
580118,4.07
581101,3.73
581102,7.6
581103,3.31
581104,7.08
581105,4.11
581106,5.29
581107,3.15
581108,10.01
581109,6.45
581110,5.9
581111,5.29
581112,3.1
581113,5.75
581115,10.97
581116,3.12
581117,4.47
581118,6.93
581119,6.67
581120,4.98
581123,5.42
581126,4.46
581128,1.73
581145,2.44
581148,4.4
581193,4.5
581195,3.63
581196,3.36
581198,3.41
581199,4.2
581201,6.16
581202,4.92
581203,2.5
581204,7.98
581205,4.9
581206,2.83
581207,2.75
581208,5.7
581209,2.52
581210,5.3
581211,3.81
581213,4.86
581237,4.04
581301,0.5
581302,0.17
581306,1.21
581308,0.19
581314,17.17
581316,1.12
581317,5.6
581319,1.84
581320,3.94
581321,0.97
581323,6.28
581324,1.98
581326,1.59
581327,1.54
581328,0.99
581330,1.52
581332,1.66
581333,4.82
581334,6.35
581335,1.41
581338,2.39
581339,3.07
581341,1.76
581342,1.22
581343,0.71
581344,5.34
581345,0.94
581348,2.42
581350,2.12
581351,2.35
581352,0.47
581353,2.0
581354,1.94
581357,3.12
581360,30.0
581361,1.66
581362,4.87
581384,1.85
581396,0.63
581400,3.69
581401,0.17
581402,0.0
581421,2.6
581423,3.22
581440,3.15
582101,0.61
582102,6.45
582103,7.11
582111,2.51
582112,8.29
582113,5.66
582114,5.25
582115,6.01
582116,6.85
582117,4.66
582118,7.96
582119,8.62
582120,6.0
582201,5.86
582202,3.0
582203,5.62
582204,3.34
582205,4.11
582207,9.07
582208,9.51
582209,7.16
582211,5.97
583101,0.95
583102,7.65
583103,8.44
583104,3.02
583111,6.19
583112,4.7
583113,13.66
583114,7.4
583115,6.38
583116,3.44
583117,5.16
583119,6.29
583120,7.33
583121,6.83
583122,5.44
583123,3.32
583124,4.32
583125,7.47
583126,9.53
583127,5.39
583128,3.36
583129,10.71
583130,7.14
583131,6.6
583132,3.36
583134,14.19
583135,8.44
583136,5.29
583137,12.94
583152,5.99
583154,8.33
583155,24.9
583201,0.94
583211,1.71
583212,7.2
583213,5.09
583214,5.76
583216,7.28
583217,5.21
583218,6.71
583219,6.05
583220,5.78
583221,2.69
583222,5.54
583223,4.89
583224,5.13
583226,4.45
583227,4.09
583228,7.62
583229,7.91
583230,1.85
583231,0.74
583232,7.55
583234,4.13
583235,4.2
583236,8.89
583237,5.72
583238,8.04
583239,2.74
583268,2.79
583277,9.53
583278,6.38
583279,7.85
583280,8.99
583281,6.96
583282,3.83
583283,8.09
583284,14.24
583285,5.23
583287,10.51
584101,0.92
584102,8.4
584103,7.38
584104,5.21
584111,9.64
584113,9.12
584115,6.11
584116,13.37
584118,9.52
584120,14.32
584122,9.06
584123,7.66
584124,5.4
584125,7.2
584126,16.79
584127,23.63
584128,16.12
584129,8.74
584132,20.71
584133,6.37
584134,3.37
584135,4.78
584136,7.98
584138,20.15
584139,24.03
584140,8.54
584143,30.0
584167,19.31
584170,6.0
584202,7.72
584203,8.04
585101,0.55
585102,13.03
585103,2.1
585104,8.63
585105,1.16
585201,30.0
585202,14.94
585210,30.0
585211,9.56
585212,7.34
585213,7.54
585214,11.75
585215,10.72
585216,21.94
585217,21.54
585218,11.47
585220,24.55
585221,21.37
585222,9.02
585223,12.93
585224,30.0
585225,21.49
585228,8.97
585236,22.9
585237,21.29
585265,10.95
585287,17.2
585290,8.23
585291,30.0
585301,10.35
585302,27.26
585303,14.99
585304,11.03
585305,17.36
585306,30.0
585307,4.21
585308,10.2
585309,12.3
585310,17.09
585311,7.52
585312,17.04
585313,14.06
585314,9.82
585315,13.01
585316,10.47
585317,16.53
585318,18.43
585319,28.82
585320,18.6
585321,9.07
585322,8.9
585323,13.32
585324,6.77
585325,18.26
585327,9.46
585355,24.4
585401,0.36
585404,30.0
586101,0.69
586103,2.66
586104,8.74
586108,14.12
586111,5.17
586112,6.19
586113,28.18
586114,5.51
586115,7.22
586116,6.04
586117,7.32
586118,5.81
586119,5.24
586120,7.34
586121,1.62
586122,8.28
586123,2.43
586124,30.0
586125,10.66
586127,5.55
586128,12.56
586129,6.99
586130,7.29
586201,4.47
586202,16.95
586203,11.95
586204,30.0
586205,13.98
586206,3.77
586207,5.77
586208,26.51
586209,7.36
586210,7.36
586211,8.33
586212,9.06
586213,3.86
586214,8.02
586215,5.75
586216,3.91
586217,6.82
587101,0.12
587102,2.35
587103,1.45
587104,2.33
587111,18.09
587112,30.0
587113,29.4
587114,9.3
587115,0.09
587116,2.12
587117,9.89
587118,0.37
587119,8.61
587120,23.2
587121,10.25
587122,11.44
587124,12.88
587125,1.13
587154,7.25
587155,9.94
587201,12.73
587202,10.78
587203,0.51
587204,11.82
587205,3.62
587206,0.44
587207,13.95
587301,8.51
587311,4.4
587312,11.81
587313,4.59
587314,9.7
587315,7.03
587316,17.69
587330,10.15
590001,1.05
590005,2.58
590006,1.15
590008,1.91
590010,22.0
590014,8.57
590015,4.25
590016,0.54
590017,1.79
590018,5.32
590019,0.47
590020,2.89
591101,4.0
591102,6.86
591103,4.48
591104,30.0
591106,11.73
591107,2.93
591108,6.07
591109,6.24
591110,22.63
591111,13.54
591112,7.55
591114,23.49
591115,9.18
591117,12.34
591118,12.2
591119,12.8
591120,10.36
591121,8.77
591122,2.91
591123,24.3
591124,2.05
591125,6.81
591126,11.22
591127,26.87
591128,3.96
591129,11.86
591130,17.11
591131,6.11
591136,3.22
591143,4.53
591147,10.75
591153,8.47
591156,6.84
591173,30.0
591201,0.46
591211,11.27
591212,5.29
591213,21.38
591214,1.68
591215,3.82
591216,30.0
591217,4.27
591218,4.44
591220,14.48
591221,4.01
591222,8.15
591224,4.78
591225,3.44
591226,4.81
591227,5.72
591228,1.62
591229,3.27
591230,5.88
591231,2.81
591232,5.26
591233,5.57
591234,5.24
591235,10.5
591236,2.19
591237,9.06
591238,3.0
591239,2.99
591240,5.8
591241,4.0
591242,3.81
591243,5.57
591244,3.25
591247,7.89
591248,30.0
591254,3.11
591263,2.09
591265,6.3
591287,1.84
591301,13.19
591302,7.71
591303,4.29
591304,13.31
591305,17.51
591306,3.73
591307,0.75
591309,5.74
591310,26.51
591311,4.39
591312,19.12
591313,6.65
591315,1.93
591316,3.32
591317,12.63
591340,2.26
591344,5.17
591345,10.86
591346,6.45
600001,0.79
600002,1.97
600003,0.34
600004,30.0
600005,0.76
600006,9.07
600008,0.58
600010,0.41
600011,8.36
600012,9.54
600014,30.0
600015,2.4
600016,3.82
600017,0.66
600018,12.42
600019,5.34
600020,30.0
600021,0.28
600028,10.31
600030,8.29
600031,0.9
600032,1.76
600033,0.37
600034,15.46
600037,6.4
600039,1.08
600041,8.42
600043,10.13
600044,27.42
600045,2.37
600047,1.69
600048,28.51
600049,1.61
600050,4.27
600052,5.54
600053,4.64
600054,2.79
600055,21.65
600056,1.41
600057,14.87
600058,1.93
600059,1.92
600060,18.92
600061,30.0
600062,10.8
600063,7.07
600064,30.0
600067,8.46
600069,6.64
600071,2.29
600072,2.62
600073,30.0
600075,0.29
600077,2.3
600081,1.17
600082,8.63
600083,1.49
600087,0.28
600088,1.41
600089,0.85
600090,5.66
600091,30.0
600095,8.56
600096,0.55
600097,1.46
600099,30.0
600100,1.77
600103,2.57
600106,0.24
600107,6.8
600113,0.5
600115,7.23
600116,1.64
600117,0.42
600118,2.11
600120,9.77
600122,1.23
600123,30.0
600124,3.9
600125,5.14
600126,5.4
600127,6.19
600128,11.15
600130,17.45
600132,0.0
601101,8.26
601102,12.09
601103,8.47
601201,6.93
601202,3.82
601203,3.42
601204,10.02
601205,5.53
601206,4.85
601301,30.0
602001,1.35
602002,9.25
602021,5.01
602023,6.64
602024,7.27
602025,2.75
602026,19.9
602105,11.05
602106,22.52
602108,9.03
603001,16.07
603002,14.22
603003,13.89
603004,1.87
603101,12.56
603102,1.74
603103,30.0
603104,2.22
603105,13.27
603106,10.02
603107,13.26
603108,11.51
603109,8.02
603110,3.4
603111,13.38
603112,26.1
603201,19.12
603202,12.63
603203,30.0
603204,4.45
603209,12.47
603301,30.0
603302,24.88
603303,4.11
603304,20.67
603305,18.4
603306,9.81
603307,26.07
603308,10.29
603309,21.99
603310,20.33
603311,28.8
603312,14.57
603313,18.75
603314,5.72
603319,19.78
603401,20.21
603402,16.89
603403,20.27
603405,13.18
603406,7.31
604001,0.52
604101,4.22
604102,9.58
604151,10.96
604152,5.86
604153,28.55
604154,2.99
604201,3.61
604202,4.17
604203,30.0
604204,5.59
604205,2.88
604206,5.16
604207,4.31
604208,4.26
604210,11.96
604301,8.8
604302,4.63
604303,5.08
604304,3.87
604305,26.13
604306,3.28
604307,3.85
604401,30.0
604402,13.98
604403,23.07
604404,18.26
604405,30.0
604406,10.11
604407,7.77
604408,25.3
604409,13.98
604410,13.98
604501,18.89
604502,28.19
604503,30.0
604504,30.0
604505,28.33
604601,30.0
605004,0.8
605007,2.93
605009,1.3
605010,0.58
605014,2.57
605101,2.41
605102,2.16
605103,3.6
605104,1.99
605105,2.68
605106,5.73
605107,2.37
605108,1.95
605109,30.0
605110,2.27
605111,2.79
605201,3.63
605202,0.07
605203,9.08
605301,2.36
605302,30.0
605401,5.21
605402,3.35
605501,3.66
605502,3.37
605601,3.34
605602,1.05
605651,7.31
605652,3.23
605701,20.16
605702,5.92
605751,9.55
605752,2.54
605754,3.71
605755,3.56
605756,1.75
605757,0.15
605758,3.85
605759,8.06
605766,5.11
605801,14.18
605802,14.13
605803,3.14
606001,0.57
606003,4.3
606102,10.88
606103,10.13
606104,4.82
606105,2.6
606106,5.51
606107,21.2
606108,17.7
606109,5.16
606110,14.71
606111,4.09
606115,30.0
606201,5.36
606203,12.29
606204,3.78
606205,4.51
606206,5.17
606207,10.26
606208,2.66
606209,6.94
606213,30.0
606301,16.03
606302,30.0
606303,3.94
606304,4.67
606305,3.54
606401,12.15
606402,13.35
606601,7.46
606603,0.65
606604,1.91
606611,2.4
606701,0.07
606702,16.94
606703,30.0
606704,3.34
606705,18.2
606706,16.03
606707,14.11
606708,0.33
606709,12.48
606710,26.15
606751,0.16
606752,17.35
606753,20.38
606754,0.06
606755,30.0
606801,11.05
606802,30.0
606803,30.0
606804,0.03
606805,18.43
606806,16.64
606807,18.43
606808,13.65
606901,8.92
606902,30.0
606903,15.28
606904,10.11
606905,30.0
606906,11.61
606907,22.72
606908,8.39
607001,1.43
607002,0.73
607003,4.4
607004,2.07
607005,2.42
607006,2.69
607101,7.09
607102,2.15
607103,7.75
607104,1.99
607105,2.17
607106,3.56
607107,16.97
607108,3.13
607109,3.3
607112,1.64
607201,21.15
607202,1.91
607203,6.87
607204,14.95
607205,3.48
607209,3.12
607301,3.78
607302,3.87
607303,3.09
607401,2.23
607402,3.73
607403,13.96
607801,1.43
607802,19.04
607803,3.14
607804,2.95
607805,13.9
607807,2.27
608001,1.36
608002,4.08
608102,29.2
608201,18.61
608301,2.81
608302,30.0
608303,18.89
608304,6.67
608305,2.97
608306,2.03
608401,2.31
608501,3.8
608502,9.81
608601,7.89
608602,17.65
608701,14.56
608702,2.59
608703,3.43
608704,5.36
608801,3.48
608901,30.0
609001,1.98
609003,1.24
609101,7.42
609102,15.62
609103,1.04
609104,16.2
609105,16.26
609106,11.18
609107,13.86
609108,15.16
609109,2.65
609111,12.19
609112,19.31
609113,19.84
609114,1.43
609115,18.89
609116,27.13
609117,12.2
609118,12.81
609201,27.0
609202,1.5
609203,2.34
609204,1.33
609205,26.03
609301,11.59
609302,16.39
609303,13.96
609304,2.06
609306,14.39
609307,1.67
609308,1.54
609309,10.03
609310,14.15
609311,17.83
609312,12.4
609313,17.22
609314,19.47
609401,19.66
609402,16.99
609403,12.79
609404,1.44
609405,30.0
609501,12.14
609502,0.55
609503,5.88
609504,1.44
609601,1.96
609602,30.0
609603,19.36
609604,2.49
609605,25.49
609606,26.9
609607,1.43
609608,1.89
609609,1.62
609701,1.44
609702,2.55
609703,5.59
609704,10.42
609801,2.66
609802,1.59
609804,1.81
609805,2.0
609806,1.45
609807,10.68
609811,20.62
610001,3.66
610003,0.78
610004,0.49
610101,3.26
610102,2.11
610103,1.9
610104,2.17
610105,2.96
610106,2.08
610107,1.81
610109,1.23
610201,6.08
610202,4.5
610203,14.42
610204,1.9
610205,1.94
610206,3.61
610207,2.86
611001,7.93
611002,2.28
611003,3.44
611101,14.92
611102,30.0
611103,18.75
611104,7.06
611105,2.32
611106,3.65
611108,2.89
611109,8.92
611110,1.91
611111,1.45
611112,11.07
612001,1.07
612101,26.96
612102,8.11
612103,0.83
612104,1.56
612105,9.77
612106,1.89
612201,1.78
612202,1.94
612203,30.0
612204,1.08
612301,9.12
612302,19.51
612303,14.41
612401,8.52
612402,1.48
612501,16.2
612502,30.0
612503,13.52
612504,2.24
612601,2.92
612602,3.71
612603,1.54
612604,2.25
612605,1.51
612610,0.55
612701,1.61
612702,0.25
612703,1.29
612801,9.2
612802,6.15
612803,6.2
612804,2.7
612901,2.68
612902,5.03
612903,2.93
612904,3.63
613001,1.36
613002,1.86
613003,2.32
613004,0.94
613005,1.4
613006,2.83
613007,17.81
613009,0.76
613101,4.6
613102,25.47
613103,6.76
613104,2.72
613105,8.25
613201,4.69
613202,5.41
613203,3.13
613204,2.96
613205,3.85
613301,4.64
613303,2.3
613401,7.09
613402,4.2
613403,2.4
613501,2.23
613502,3.95
613504,2.98
613601,2.45
613602,3.76
613701,1.92
613703,14.77
613704,1.99
613705,2.16
614001,0.98
614013,2.98
614014,6.62
614015,12.48
614016,9.97
614017,9.8
614018,2.83
614019,4.81
614020,12.55
614101,1.62
614102,1.76
614103,6.63
614202,5.7
614203,5.85
614204,1.04
614205,0.74
614206,4.88
614208,22.44
614210,8.5
614211,7.74
614301,5.24
614302,1.66
614303,5.26
614401,4.07
614402,1.81
614403,9.5
614404,7.13
614616,10.72
614617,28.09
614618,6.09
614619,2.42
614620,30.0
614621,30.0
614622,6.54
614624,12.34
614629,4.12
614630,5.55
614705,5.84
614708,5.53
614710,8.57
614713,0.29
614717,3.1
614801,7.59
614805,2.9
620001,1.2
620002,0.23
620003,0.54
620004,1.01
620005,2.69
620006,2.5
620007,2.53
620008,0.43
620009,3.75
620010,7.24
620011,1.0
620012,5.32
620013,2.86
620014,0.62
620015,5.75
620016,1.54
620017,0.93
620020,0.73
620021,6.03
620025,2.9
620101,2.0
620102,2.7
621001,3.8
621002,5.62
621003,2.51
621004,1.72
621005,4.84
621006,4.44
621007,2.25
621008,3.4
621009,2.66
621010,0.0
621011,4.03
621012,5.81
621014,2.99
621101,2.78
621102,1.44
621103,3.98
621104,4.2
621105,4.67
621106,7.73
621107,1.98
621108,5.03
621109,3.78
621110,3.32
621111,0.72
621112,3.08
621113,2.43
621114,2.55
621115,6.14
621116,9.45
621117,5.6
621118,2.05
621202,5.99
621203,0.88
621204,1.48
621205,2.54
621206,2.66
621207,4.79
621208,30.0
621209,1.69
621210,3.36
621211,4.03
621212,1.1
621213,2.31
621214,4.4
621215,4.86
621216,2.12
621217,2.46
621218,2.68
621219,2.65
621220,10.74
621301,5.75
621302,10.55
621305,10.46
621306,4.51
621307,8.85
621308,3.52
621310,24.36
621311,8.13
621312,9.59
621313,12.02
621314,3.27
621315,22.57
621316,6.15
621651,4.88
621652,3.6
621653,11.31
621701,10.01
621702,11.91
621703,4.18
621704,4.53
621705,4.22
621706,1.98
621707,4.37
621708,4.08
621709,5.98
621710,3.63
621711,16.04
621712,2.4
621713,5.33
621714,3.78
621715,9.88
621716,5.67
621717,2.83
621718,2.65
621719,5.17
621722,15.49
621730,8.1
621801,24.53
621802,9.39
621803,23.25
621804,4.95
621805,14.12
621806,4.29
621851,9.46
622001,6.88
622002,12.44
622003,3.26
622004,18.86
622005,0.49
622101,17.86
622102,15.51
622103,13.63
622104,3.97
622201,8.51
622202,4.09
622203,6.56
622204,4.63
622209,2.35
622301,12.14
622302,18.58
622303,4.08
622304,4.17
622401,3.39
622402,2.91
622403,2.76
622404,1.17
622407,23.26
622409,1.67
622411,1.11
622412,25.64
622422,2.09
622501,3.05
622502,7.16
622503,5.36
622504,8.29
622505,12.24
622506,5.02
622507,9.22
622515,4.21
623115,8.08
623120,7.69
623135,21.0
623308,13.25
623315,24.9
623401,12.1
623402,13.66
623403,29.02
623404,26.57
623406,25.89
623407,22.75
623409,4.23
623502,30.0
623503,0.47
623504,3.81
623512,7.85
623513,21.63
623514,5.71
623515,8.76
623516,10.02
623517,10.71
623518,19.2
623519,30.0
623521,22.0
623522,6.74
623523,4.16
623524,8.26
623525,12.91
623526,30.0
623527,20.41
623528,9.33
623529,25.14
623530,10.0
623531,9.38
623532,11.9
623533,13.58
623534,7.07
623536,3.95
623537,7.99
623538,9.85
623601,8.28
623603,16.72
623604,20.68
623605,19.96
623608,20.17
623701,8.6
623703,15.32
623704,14.54
623705,9.78
623706,11.17
623707,14.27
623708,22.36
623711,9.0
623712,7.62
624001,19.1
624002,10.97
624003,30.0
624004,19.22
624005,13.82
624101,7.63
624103,10.29
624201,2.35
624202,8.24
624204,3.16
624206,2.79
624210,18.95
624211,1.72
624212,7.89
624215,17.54
624216,13.76
624219,13.01
624220,16.11
624302,13.25
624303,11.97
624304,6.82
624306,11.74
624307,20.35
624308,30.0
624401,11.16
624402,25.73
624403,25.76
624601,0.9
624610,13.63
624612,6.27
624613,29.47
624614,30.0
624615,2.67
624616,9.2
624617,19.26
624618,4.17
624619,6.72
624620,16.25
624621,8.84
624622,8.7
624702,14.39
624703,18.93
624704,8.82
624705,10.36
624706,30.0
624707,13.34
624708,24.37
624709,22.0
624710,7.09
624711,10.13
624712,9.44
624802,7.66
625001,30.0
625002,22.37
625003,2.3
625005,30.0
625006,1.01
625007,11.4
625008,16.67
625009,30.0
625011,18.31
625012,24.02
625014,30.0
625016,15.87
625017,30.0
625018,25.06
625019,2.05
625020,17.16
625021,30.0
625022,10.24
625101,3.68
625102,3.51
625103,3.18
625104,3.2
625105,3.95
625106,3.25
625107,28.02
625108,6.59
625109,2.83
625110,17.22
625122,14.45
625201,14.93
625203,1.47
625205,30.0
625207,16.44
625218,3.75
625221,4.4
625234,30.0
625301,4.21
625402,2.97
625501,19.62
625503,4.13
625512,9.72
625514,30.0
625515,30.0
625516,12.87
625517,17.25
625518,30.0
625519,1.88
625520,3.13
625521,2.8
625523,3.02
625524,13.7
625525,30.0
625526,0.74
625527,30.0
625528,6.63
625529,11.81
625530,2.85
625531,9.23
625532,14.03
625533,15.2
625534,6.74
625535,30.0
625536,9.48
625537,7.39
625540,22.59
625562,4.41
625579,18.31
625582,30.0
625601,0.23
625602,4.23
625603,2.68
625604,5.52
625605,5.55
625701,4.31
625702,5.14
625703,18.07
625704,2.51
625705,23.53
625706,5.9
625707,14.47
625708,4.09
626001,1.11
626002,3.89
626003,3.11
626004,3.0
626005,4.07
626101,1.1
626102,1.97
626103,5.52
626104,4.26
626105,4.26
626106,4.69
626107,2.0
626108,1.11
626109,3.15
626110,1.44
626111,2.69
626112,3.47
626113,30.0
626114,4.83
626115,2.99
626116,1.56
626117,0.84
626118,6.42
626119,2.0
626121,2.87
626123,0.81
626124,4.31
626125,2.88
626126,1.87
626127,3.65
626128,1.83
626129,5.01
626130,3.46
626131,10.14
626132,1.0
626133,4.69
626134,3.7
626135,1.87
626136,3.32
626137,2.11
626138,3.16
626139,0.93
626140,18.09
626141,3.18
626142,2.2
626149,3.19
626189,3.64
626201,2.97
626202,3.99
626203,4.25
626204,2.96
626205,4.75
626607,4.02
626612,2.67
627001,6.98
627002,11.77
627004,0.28
627005,7.72
627006,11.86
627007,2.28
627008,10.15
627010,3.13
627011,3.07
627012,2.34
627101,30.0
627102,1.2
627103,1.89
627104,10.67
627106,4.15
627107,1.56
627108,4.66
627109,2.66
627110,2.56
627111,5.64
627112,13.76
627113,1.57
627114,2.55
627115,0.25
627116,2.38
627117,3.01
627118,3.04
627120,1.01
627127,0.67
627133,2.66
627151,1.94
627152,3.97
627201,4.38
627202,1.27
627351,2.46
627352,4.62
627353,19.56
627354,4.09
627355,13.38
627356,2.39
627357,4.11
627358,2.4
627359,4.14
627401,0.57
627412,3.64
627413,12.03
627414,3.98
627415,2.96
627416,3.29
627417,12.6
627418,4.44
627421,1.79
627423,2.98
627424,3.32
627425,4.29
627426,2.07
627427,1.48
627453,1.14
627501,1.43
627502,1.74
627601,0.55
627602,3.3
627604,7.82
627651,2.88
627652,1.85
627654,1.91
627657,7.0
627713,3.43
627719,10.84
627751,2.93
627753,5.44
627754,5.06
627755,2.84
627756,0.36
627757,3.73
627758,2.62
627760,2.7
627761,2.94
627764,2.39
627802,0.74
627803,1.88
627804,1.44
627805,0.88
627806,2.04
627807,0.46
627808,4.84
627809,1.63
627811,0.02
627812,1.03
627813,8.13
627814,2.65
627851,5.27
627852,1.25
627853,1.9
627854,3.05
627855,2.26
627856,1.48
627857,4.01
627859,2.71
627860,3.81
627861,3.91
627862,3.66
627951,4.6
627953,5.69
628001,29.16
628002,27.83
628003,0.0
628004,0.73
628005,1.27
628008,1.5
628101,1.33
628102,11.16
628103,4.53
628104,30.0
628105,2.46
628151,9.19
628152,6.95
628201,3.16
628202,2.93
628203,4.45
628204,0.18
628205,7.82
628206,5.29
628207,4.16
628208,0.73
628210,1.92
628211,16.32
628212,1.02
628213,2.14
628215,0.58
628218,1.88
628219,1.55
628251,10.09
628252,2.46
628301,8.93
628302,3.12
628303,9.7
628304,6.86
628401,7.8
628402,2.39
628501,15.77
628502,4.2
628503,23.39
628552,7.31
628612,0.74
628613,30.0
628614,0.72
628616,0.77
628617,6.55
628618,1.43
628619,1.9
628620,1.02
628621,13.68
628622,4.85
628623,8.44
628653,1.67
628656,13.3
628701,22.48
628702,2.47
628703,4.22
628704,12.76
628712,7.65
628714,6.42
628716,4.26
628718,2.87
628720,5.33
628721,14.33
628722,3.68
628751,0.81
628801,1.68
628802,4.58
628809,7.79
628851,4.94
628901,3.02
628902,6.25
628903,3.67
628904,4.55
628905,15.14
628906,7.1
628907,8.98
628908,4.27
628952,14.48
629001,1.39
629002,1.2
629003,1.12
629004,1.44
629101,3.25
629151,2.47
629152,11.22
629153,9.42
629154,5.37
629157,3.77
629158,1.49
629159,1.46
629160,7.01
629161,7.59
629162,0.97
629163,7.32
629164,3.79
629165,3.95
629166,1.12
629167,1.16
629168,9.55
629169,0.94
629170,1.56
629171,2.49
629172,1.08
629173,1.5
629174,0.76
629175,1.23
629176,0.38
629177,1.72
629178,5.88
629180,2.75
629193,0.6
629201,1.71
629202,1.33
629203,1.25
629204,1.45
629251,6.42
629252,9.04
629301,27.69
629302,1.97
629401,1.58
629402,17.22
629403,0.95
629501,2.46
629502,0.71
629601,1.87
629602,1.63
629701,2.79
629702,1.99
629703,13.1
629704,4.73
629801,0.88
629802,2.77
629803,0.75
629804,1.32
629851,4.83
629852,1.57
629901,2.08
630001,20.26
630002,0.55
630003,0.0
630103,30.0
630202,2.2
630203,14.8
630204,9.89
630208,3.21
630210,14.02
630211,8.77
630302,1.5
630303,26.3
630305,4.83
630306,15.48
630313,9.43
630321,10.83
630408,22.01
630411,2.02
630551,3.92
630552,7.09
630553,6.15
630554,6.95
630555,6.04
630556,5.96
630557,4.67
630558,7.13
630559,5.54
630561,22.44
630562,9.33
630566,10.11
630602,7.85
630609,5.88
630610,10.03
630611,5.64
630612,18.13
630702,12.42
630709,6.92
630710,18.83
630713,10.57
631001,2.49
631002,3.24
631003,3.98
631004,4.58
631051,2.51
631052,4.21
631101,5.09
631102,9.98
631151,5.65
631201,18.33
631202,9.55
631203,13.17
631204,2.28
631205,15.65
631206,13.94
631207,0.04
631208,5.99
631209,13.19
631210,13.63
631211,14.34
631212,14.28
631213,14.34
631301,13.19
631302,8.52
631303,13.01
631304,17.56
631402,11.74
631501,5.27
631502,3.83
631551,7.83
631552,16.99
631553,6.08
631561,23.65
631601,17.2
631603,15.21
631604,11.12
631605,9.35
631606,14.48
631701,30.0
631702,21.77
632001,30.0
632002,30.0
632004,30.0
632006,17.06
632007,2.81
632009,26.07
632010,0.3
632011,30.0
632013,30.0
632014,1.01
632055,3.55
632058,30.0
632059,30.0
632101,6.08
632102,13.79
632103,19.78
632104,4.08
632105,19.76
632106,30.0
632107,15.62
632113,16.48
632114,4.2
632201,1.02
632202,20.7
632203,0.86
632204,26.11
632209,1.6
632301,0.0
632311,30.0
632312,29.8
632313,22.07
632314,22.07
632315,0.25
632316,19.46
632317,30.0
632318,0.0
632319,6.3
632326,28.7
632401,1.66
632404,12.1
632405,0.0
632501,2.91
632502,5.22
632503,1.56
632504,0.0
632505,7.87
632506,11.96
632507,14.05
632508,2.43
632509,5.16
632510,18.67
632511,11.27
632512,9.1
632513,9.7
632514,0.49
632515,0.0
632516,4.87
632517,1.22
632518,12.48
632519,9.66
632520,0.0
632521,4.75
632531,1.99
632601,3.6
632602,0.82
632603,2.81
632604,3.4
635001,1.92
635002,1.24
635101,7.61
635102,14.37
635103,16.14
635104,7.38
635105,15.76
635106,4.12
635107,5.58
635108,4.24
635109,10.0
635110,12.98
635111,0.47
635112,4.27
635113,4.26
635114,15.96
635115,30.0
635116,5.74
635117,14.69
635118,10.51
635119,10.7
635120,2.41
635121,8.7
635122,5.6
635123,9.39
635126,1.83
635130,4.05
635201,11.06
635202,13.22
635203,2.6
635204,22.92
635205,5.65
635206,7.73
635207,10.98
635301,6.23
635302,5.44
635303,3.24
635304,1.01
635305,6.78
635306,7.32
635307,15.29
635601,1.15
635602,4.06
635651,2.75
635652,3.06
635653,2.76
635654,2.84
635655,6.04
635701,4.74
635702,2.34
635703,7.49
635710,2.0
635751,1.84
635752,2.9
635754,2.58
635801,3.5
635802,3.53
635803,2.16
635804,3.2
635805,2.53
635806,2.32
635807,1.06
635808,1.75
635809,2.97
635810,4.78
635811,3.4
635812,1.15
635813,2.1
635814,1.32
635815,1.6
635851,2.89
635852,2.52
635853,4.25
635854,3.37
635901,3.73
636001,0.58
636002,0.7
636003,0.54
636004,0.91
636005,0.31
636006,0.55
636007,0.94
636008,1.77
636009,0.38
636010,1.6
636011,1.36
636012,2.62
636013,0.7
636014,0.32
636015,1.02
636030,1.34
636101,2.65
636102,0.38
636103,1.29
636104,8.26
636105,5.76
636106,1.97
636107,3.73
636108,13.61
636109,1.79
636110,13.16
636111,2.84
636112,3.87
636113,3.43
636114,12.04
636115,3.68
636116,5.36
636117,14.17
636118,18.76
636119,1.76
636121,3.33
636122,3.35
636138,12.06
636139,1.99
636140,0.39
636141,14.42
636142,15.4
636201,1.05
636202,5.32
636203,2.29
636204,3.38
636301,2.0
636302,1.9
636303,6.09
636304,2.36
636305,3.11
636306,2.83
636307,2.8
636308,1.88
636309,2.08
636351,4.27
636352,15.76
636354,5.18
636401,0.72
636403,0.68
636404,2.22
636451,5.12
636452,3.44
636453,2.74
636454,1.82
636455,5.97
636457,1.17
636458,2.31
636501,3.65
636502,27.66
636503,2.26
636601,4.25
636602,3.55
636701,1.04
636704,2.27
636705,3.25
636803,25.14
636804,5.16
636805,23.53
636806,11.63
636807,7.93
636808,5.98
636809,8.24
636810,5.1
636811,10.59
636812,7.47
636813,10.04
636902,16.04
636903,2.15
636904,30.0
636905,2.96
636906,9.82
637001,1.11
637002,3.31
637003,3.28
637013,3.7
637014,5.48
637015,2.51
637017,3.63
637018,3.95
637019,3.6
637020,4.89
637021,2.38
637101,4.59
637102,3.61
637103,2.47
637104,23.02
637105,3.49
637107,9.83
637201,3.21
637202,3.67
637203,3.13
637204,2.74
637205,5.04
637206,2.89
637207,4.68
637208,3.23
637209,4.06
637210,14.25
637211,1.18
637212,4.09
637213,3.7
637214,2.17
637215,0.82
637301,3.03
637302,3.19
637303,2.82
637304,30.0
637401,2.06
637402,1.23
637403,2.18
637404,3.88
637405,6.37
637406,2.47
637407,2.77
637408,2.06
637409,1.83
637410,3.43
637411,7.78
637412,1.76
637501,2.87
637502,2.11
637503,6.53
637504,2.05
637505,2.6
638001,3.95
638002,1.62
638003,0.59
638004,1.25
638005,1.66
638007,1.84
638008,3.77
638009,1.49
638051,4.11
638052,3.74
638054,0.77
638055,3.01
638056,4.07
638057,2.94
638101,3.65
638102,3.79
638103,22.18
638104,4.37
638105,3.76
638106,17.76
638107,3.07
638108,12.71
638109,3.92
638110,16.06
638111,5.21
638112,3.3
638115,3.04
638116,2.58
638151,4.51
638152,1.64
638153,1.84
638154,2.66
638181,1.2
638182,4.29
638183,2.14
638301,1.39
638311,5.65
638312,3.51
638313,2.39
638314,4.25
638315,3.67
638316,2.39
638401,10.88
638402,4.82
638451,6.41
638452,0.8
638453,6.71
638454,3.05
638455,3.99
638456,2.15
638457,1.83
638458,11.52
638459,4.28
638460,3.36
638461,6.87
638462,2.55
638476,5.21
638501,10.48
638502,2.84
638503,9.35
638504,10.73
638505,2.14
638506,3.72
638656,0.54
638657,7.03
638660,9.03
638661,4.71
638672,0.88
638673,5.59
638701,6.88
638702,5.23
638703,3.54
638706,3.81
638751,3.68
638752,3.54
638812,12.83
639001,0.29
639002,4.02
639003,3.49
639004,3.79
639005,4.14
639006,2.16
639007,1.65
639008,3.48
639101,0.98
639102,5.93
639103,1.78
639104,0.41
639105,3.61
639107,10.22
639108,2.55
639109,4.09
639110,3.98
639111,6.32
639112,2.8
639113,2.83
639114,3.01
639115,2.25
639116,4.61
639117,6.23
639118,2.97
639119,7.94
639120,6.71
639136,4.85
639201,17.41
639202,17.69
639203,4.17
639205,7.95
639206,7.57
639207,11.05
641001,0.74
641002,0.23
641004,18.96
641006,0.92
641007,2.04
641008,2.45
641010,5.26
641012,0.49
641014,0.88
641016,7.9
641017,1.04
641018,0.71
641019,0.94
641020,1.43
641021,1.18
641022,1.62
641023,0.66
641025,0.59
641026,0.46
641028,1.19
641029,0.91
641030,0.18
641031,0.6
641032,4.11
641035,11.84
641037,0.0
641041,1.27
641045,2.24
641046,12.25
641047,0.66
641048,2.42
641062,1.31
641101,2.84
641103,1.72
641104,9.12
641105,4.49
641107,3.3
641108,4.07
641109,3.15
641110,3.17
641111,3.66
641112,0.65
641113,2.91
641114,2.29
641201,7.32
641202,9.25
641302,6.01
641305,3.75
641401,1.4
641402,3.79
641602,19.72
641603,30.0
641604,13.19
641605,2.23
641606,30.0
641607,30.0
641652,14.35
641653,3.67
641654,30.0
641655,30.0
641658,16.21
641659,3.68
641662,5.87
641663,18.24
641664,30.0
641665,16.74
641666,19.98
641667,30.0
641668,2.96
641669,30.0
641670,2.02
641671,30.0
641687,1.36
641697,3.71
642001,4.69
642002,15.05
642003,2.51
642004,30.0
642005,27.49
642007,17.02
642101,17.68
642102,19.09
642103,9.3
642104,6.07
642105,11.01
642106,16.16
642107,14.63
642108,16.5
642109,30.0
642110,29.4
642111,27.29
642112,30.0
642113,4.72
642117,21.62
642120,4.92
642122,5.41
642123,20.87
642125,18.64
642126,0.85
642127,18.4
642129,0.82
642130,17.83
642132,24.33
642133,17.42
642134,19.26
642154,13.15
642201,18.89
642202,8.75
642203,16.34
642204,30.0
642205,23.43
642206,21.44
642207,24.31
643001,0.77
643002,10.68
643003,10.94
643004,4.82
643005,10.96
643007,7.59
643102,30.0
643103,2.69
643202,0.15
643205,30.0
643206,8.47
643207,23.45
643209,7.83
643211,10.54
643212,5.28
643213,1.28
643214,3.87
643215,1.33
643216,10.95
643217,3.67
643219,3.5
643220,4.41
643221,1.71
643223,11.67
643224,18.48
643225,21.78
643226,14.57
643231,1.17
643236,0.5
643237,10.94
643239,28.51
643240,25.03
643241,22.08
670001,0.57
670002,0.47
670003,2.03
670005,1.9
670006,3.0
670007,3.74
670009,4.74
670011,2.08
670012,16.13
670101,0.67
670102,1.61
670103,1.63
670105,2.17
670107,2.32
670142,4.47
670143,2.16
670301,4.02
670303,10.94
670305,12.98
670306,5.47
670307,4.58
670308,6.93
670309,5.88
670331,6.18
670334,2.31
670353,2.39
670502,30.0
670504,30.0
670511,6.54
670521,8.68
670561,4.05
670562,23.8
670563,2.44
670571,8.06
670581,4.38
670582,30.0
670591,4.27
670592,5.28
670593,10.31
670594,2.29
670595,7.95
670601,5.32
670602,5.93
670604,4.4
670611,6.42
670612,5.78
670613,6.05
670621,3.1
670622,4.95
670631,5.12
670632,6.23
670633,10.42
670641,2.83
670642,4.77
670643,5.06
670644,4.02
670645,6.29
670646,7.84
670649,1.59
670650,7.14
670651,19.39
670661,3.35
670663,3.91
670671,2.25
670672,5.23
670673,7.04
670674,9.82
670675,30.0
670691,4.47
670692,3.84
670693,5.29
670694,5.07
670701,5.21
670702,6.26
670703,8.44
670704,8.09
670705,8.98
670706,9.87
670721,3.42
670731,4.23
670741,5.95
671121,0.74
671123,2.75
671124,5.2
671310,4.9
671311,10.93
671312,7.0
671313,5.98
671314,7.17
671316,2.74
671317,1.74
671318,5.55
671319,5.51
671321,4.88
671322,7.22
671323,5.54
671324,5.75
671326,12.85
671348,10.37
671351,6.49
671531,6.27
671532,7.46
671533,8.22
671534,3.29
671541,10.44
671542,5.04
671543,10.73
671551,5.74
671552,6.6
673001,4.26
673002,3.45
673003,4.56
673004,2.78
673005,1.56
673007,1.37
673008,7.41
673009,6.12
673010,1.96
673011,1.22
673012,5.31
673014,10.99
673015,4.59
673016,0.76
673017,0.69
673019,3.14
673020,0.78
673029,0.0
673032,0.69
673102,2.08
673104,2.32
673105,2.84
673106,1.23
673122,8.15
673123,10.58
673124,8.31
673303,4.55
673304,2.28
673306,2.65
673307,4.5
673308,2.87
673309,4.35
673310,6.26
673314,1.43
673315,2.1
673317,1.81
673323,3.25
673501,4.02
673502,4.14
673503,3.27
673504,5.14
673505,4.53
673506,5.34
673507,4.29
673508,4.35
673509,5.81
673513,5.49
673517,5.79
673521,2.95
673522,4.59
673523,7.21
673524,4.81
673525,5.0
673526,8.65
673527,7.41
673528,7.73
673529,7.28
673541,3.7
673542,3.06
673571,5.61
673572,22.18
673573,3.54
673574,6.3
673575,3.85
673576,0.95
673577,13.81
673579,16.59
673580,3.82
673581,2.39
673582,7.26
673585,2.72
673586,2.38
673591,3.43
673592,5.82
673593,2.85
673595,2.74
673596,14.83
673601,2.79
673602,17.53
673603,5.62
673604,2.33
673611,3.6
673612,3.78
673613,2.33
673614,3.5
673616,1.83
673620,3.25
673631,1.02
673632,5.65
673633,2.32
673634,30.0
673636,2.12
673637,1.26
673638,5.29
673639,15.93
673640,21.3
673641,10.98
673642,30.0
673645,30.0
673655,0.56
673661,2.18
676101,0.02
676102,30.0
676103,1.27
676105,18.5
676106,14.26
676108,2.25
676121,0.16
676122,3.92
676123,7.43
676301,9.69
676302,3.86
676303,0.45
676304,1.44
676305,1.92
676306,5.17
676307,1.26
676311,0.26
676317,1.79
676319,0.0
676320,2.39
676501,1.7
676502,0.31
676503,3.36
676504,1.95
676505,0.67
676506,2.25
676507,2.85
676508,1.9
676509,1.33
676510,1.07
676517,2.23
676519,2.79
676521,8.33
676523,4.21
676525,30.0
676528,0.92
676541,3.65
676542,20.84
676551,2.63
676552,3.64
676553,1.8
676561,1.02
676562,2.15
678581,30.0
678582,30.0
678583,30.0
678591,30.0
678593,30.0
678595,30.0
678596,11.85
678597,30.0
678598,30.0
678601,30.0
678632,30.0
678633,30.0
678762,7.77
679102,30.0
679103,30.0
679106,15.89
679121,30.0
679122,30.0
679123,0.5
679301,3.77
679302,16.3
679303,30.0
679304,30.0
679305,30.0
679306,30.0
679307,30.0
679308,30.0
679309,30.0
679313,21.15
679321,30.0
679322,2.02
679323,4.98
679324,3.56
679325,22.35
679326,2.96
679327,3.26
679328,30.0
679329,3.27
679330,4.44
679331,23.26
679332,8.63
679333,30.0
679334,30.0
679335,30.0
679336,30.0
679337,30.0
679338,30.0
679339,30.0
679340,6.01
679341,1.67
679357,2.07
679501,30.0
679502,30.0
679503,30.0
679504,30.0
679505,30.0
679506,30.0
679511,30.0
679512,8.64
679513,30.0
679514,30.0
679521,21.27
679522,30.0
679523,18.9
679531,14.48
679532,30.0
679533,30.0
679534,30.0
679535,30.0
679536,30.0
679552,11.29
679554,17.65
679561,1.45
679562,14.64
679563,5.39
679571,3.06
679573,16.91
679574,15.55
679575,27.78
679576,1.65
679578,1.17
679579,1.4
679580,0.84
679582,1.32
679584,30.0
679586,1.28
679591,3.63
680001,11.0
680003,0.19
680004,0.15
680005,9.32
680006,30.0
680007,1.04
680008,2.33
680010,2.91
680012,1.91
680014,30.0
680027,1.06
680028,6.4
680101,30.0
680102,0.3
680103,0.0
680104,7.91
680121,7.03
680123,1.75
680125,1.64
680301,3.12
680302,1.69
680303,4.38
680304,5.62
680305,2.53
680306,11.45
680307,0.43
680308,8.69
680309,6.01
680310,1.05
680311,13.34
680312,5.12
680317,7.55
680501,5.24
680505,30.0
680506,2.17
680507,30.0
680508,23.96
680510,30.0
680511,0.98
680512,30.0
680517,10.43
680518,30.0
680519,1.23
680522,8.94
680523,30.0
680541,4.26
680542,30.0
680543,17.27
680544,14.8
680551,8.22
680552,3.93
680561,30.0
680562,2.22
680563,0.85
680564,12.03
680566,0.57
680567,29.14
680568,30.0
680569,0.91
680571,0.65
680581,30.0
680583,30.0
680584,2.63
680585,18.13
680586,3.73
680587,2.76
680588,30.0
680589,17.89
680590,2.24
680594,17.14
680596,6.45
680601,30.0
680602,5.92
680604,20.59
680614,6.31
680617,5.52
680619,0.15
680620,0.79
680623,2.32
680641,30.0
680651,30.0
680652,4.74
680653,30.0
680662,2.22
680663,0.4
680664,1.35
680666,2.63
680667,1.07
680668,11.16
680669,1.81
680671,29.52
680681,1.6
680682,1.75
680683,4.63
680684,3.92
680686,2.46
680687,4.41
680688,2.97
680689,7.2
680697,7.27
680699,30.0
680701,1.01
680702,1.3
680703,1.0
680711,5.3
680721,11.88
680722,2.16
680724,5.68
680731,5.18
680732,1.69
680733,10.18
680734,9.18
680741,12.33
680751,19.71
682002,0.51
682006,0.02
682007,0.06
682008,3.42
682021,1.91
682024,1.33
682027,1.1
682030,30.0
682031,0.57
682301,16.18
682303,1.07
682305,1.46
682306,7.28
682307,8.59
682308,2.35
682310,1.28
682311,2.23
682312,30.0
682313,2.0
682314,21.67
682315,0.91
682316,30.0
682504,1.27
682506,11.67
682507,0.02
682508,1.59
682509,0.93
683101,1.13
683102,30.0
683104,30.0
683105,3.2
683108,0.69
683110,10.33
683501,0.01
683511,30.0
683513,30.0
683516,1.29
683517,0.43
683518,30.0
683519,30.0
683520,1.24
683522,1.15
683541,30.0
683544,2.38
683545,30.0
683546,30.0
683547,30.0
683549,30.0
683556,7.58
683561,7.99
683562,28.11
683565,4.96
683572,30.0
683574,7.92
683575,1.53
683576,2.04
683577,30.0
683578,1.82
683579,1.42
683580,0.18
683581,30.0
683585,2.05
683594,30.0
685501,3.02
685503,23.7
685505,12.85
685507,30.0
685509,30.0
685511,2.28
685512,5.8
685514,10.83
685515,30.0
685531,30.0
685532,26.35
685533,12.53
685535,2.95
685551,3.61
685552,30.0
685553,26.55
685554,2.86
685561,4.57
685562,30.0
685563,30.0
685565,30.0
685566,30.0
685571,30.0
685581,3.28
685582,2.07
685583,2.1
685584,0.44
685585,30.0
685586,30.0
685587,30.0
685588,30.0
685589,1.66
685590,1.75
685595,3.49
685601,0.98
685602,12.85
685604,30.0
685605,2.27
685606,30.0
685607,2.82
685608,30.0
685609,20.93
685612,5.58
685613,26.58
685614,7.93
685615,4.21
685616,0.85
685618,6.7
685619,27.81
685620,2.61
686001,0.39
686003,30.0
686004,30.0
686005,0.0
686008,30.0
686011,30.0
686012,30.0
686013,0.92
686014,30.0
686015,30.0
686016,30.0
686017,17.42
686019,30.0
686020,30.0
686101,0.35
686102,12.05
686103,0.62
686104,0.96
686105,0.73
686106,2.05
686121,30.0
686143,28.61
686144,30.0
686146,30.0
686501,14.94
686502,2.11
686503,4.62
686504,0.92
686506,2.18
686508,2.26
686509,2.28
686510,5.3
686511,0.91
686512,9.61
686513,3.86
686514,3.03
686515,1.26
686516,30.0
686518,1.65
686519,1.18
686520,2.68
686521,1.03
686522,0.76
686532,0.89
686533,2.21
686534,1.91
686535,1.28
686536,1.73
686538,12.61
686539,1.25
686540,1.64
686541,10.78
686542,1.83
686543,1.15
686544,1.94
686545,3.21
686546,0.51
686547,0.97
686555,0.54
686561,20.17
686562,30.0
686563,0.24
686564,30.0
686571,30.0
686572,30.0
686573,30.0
686574,30.0
686575,0.22
686576,30.0
686577,30.0
686578,30.0
686579,30.0
686580,30.0
686581,30.0
686582,30.0
686583,30.0
686584,30.0
686585,1.29
686586,30.0
686587,30.0
686601,30.0
686602,30.0
686603,2.61
686604,30.0
686605,30.0
686606,30.0
686607,30.0
686608,0.67
686610,30.0
686611,30.0
686612,30.0
686613,2.61
686631,30.0
686632,1.73
686633,30.0
686634,30.0
686635,30.0
686636,30.0
686651,30.0
686652,30.0
686662,30.0
686663,2.32
686664,30.0
686665,26.74
686667,30.0
686668,3.03
686669,17.95
686670,30.0
686671,17.45
686672,29.66
686673,3.26
686681,30.0
686691,30.0
686692,30.0
686693,30.0
688001,0.32
688002,0.82
688003,16.12
688005,1.68
688006,4.01
688007,0.95
688009,2.21
688011,30.0
688013,0.56
688501,1.97
688502,0.96
688503,1.45
688504,1.05
688505,1.69
688506,1.32
688522,3.83
688523,0.92
688524,1.07
688526,2.28
688527,2.84
688529,1.39
688530,2.09
688531,1.85
688532,30.0
688535,1.25
688537,13.82
688538,2.38
688539,2.53
688540,1.34
688541,0.68
688561,6.38
688562,1.47
688582,1.18
689101,3.97
689102,30.0
689103,4.73
689104,19.06
689105,0.7
689106,12.9
689107,21.02
689108,11.69
689109,13.07
689110,12.77
689112,1.57
689113,2.96
689121,11.84
689122,1.03
689123,0.65
689124,1.39
689126,1.86
689501,12.18
689502,4.94
689503,2.16
689504,29.79
689505,29.56
689506,0.0
689508,23.86
689509,13.88
689510,1.29
689511,0.94
689513,13.05
689514,0.97
689520,15.69
689531,0.59
689532,4.26
689533,1.64
689541,25.46
689542,0.89
689543,1.23
689544,1.45
689545,1.22
689546,0.0
689547,0.64
689548,30.0
689549,0.61
689571,30.0
689572,11.17
689573,1.55
689581,1.47
689582,12.25
689583,4.96
689585,0.38
689586,1.58
689587,1.93
689588,30.0
689589,19.88
689590,25.11
689594,0.35
689595,26.21
689611,0.9
689612,1.26
689613,0.59
689614,30.0
689615,1.23
689621,30.0
689622,21.93
689624,28.58
689625,5.84
689641,2.3
689642,25.07
689643,10.1
689645,13.49
689646,1.24
689647,1.85
689648,23.63
689649,20.28
689650,13.58
689653,18.44
689656,30.0
689662,9.76
689663,7.5
689664,24.11
689667,13.06
689668,27.09
689671,30.0
689672,1.72
689673,1.03
689674,5.34
689675,19.53
689676,30.0
689677,14.07
689678,30.0
689691,14.13
689692,2.19
689693,25.73
689694,28.65
689695,22.5
689696,17.55
689698,28.62
689699,28.59
689711,2.46
690101,0.94
690102,21.06
690103,12.85
690104,5.36
690105,24.2
690106,13.86
690107,22.04
690108,19.19
690110,3.18
690501,30.0
690502,0.6
690503,23.57
690504,1.9
690505,1.74
690506,1.36
690507,1.24
690508,18.74
690509,11.25
690512,14.73
690513,1.37
690514,2.47
690515,10.89
690516,10.47
690517,7.48
690519,9.14
690520,17.46
690521,1.63
690522,15.36
690523,6.93
690524,30.0
690526,1.74
690527,20.37
690528,1.23
690529,30.0
690531,18.44
690533,20.09
690534,30.0
690535,30.0
690536,0.28
690538,3.11
690540,30.0
690542,0.72
690544,1.67
690547,1.45
690548,11.27
690558,30.0
690561,12.23
690572,19.14
690573,1.6
690574,1.74
691001,17.78
691003,0.0
691004,0.78
691005,1.1
691010,1.23
691011,0.55
691013,0.0
691015,1.11
691020,1.11
691021,1.56
691302,1.6
691303,0.78
691306,5.28
691307,20.84
691308,30.0
691309,15.78
691310,28.65
691311,1.67
691312,11.28
691322,30.0
691331,12.42
691332,3.42
691333,2.39
691334,1.23
691500,2.46
691501,1.66
691502,2.34
691503,2.02
691505,2.5
691507,2.39
691508,2.66
691509,1.8
691510,2.01
691511,0.55
691512,1.26
691516,1.61
691520,1.38
691521,0.73
691522,30.0
691524,30.0
691525,30.0
691526,17.33
691531,1.87
691532,2.13
691533,22.17
691534,1.61
691535,1.1
691536,3.37
691537,1.95
691538,1.64
691540,7.48
691541,1.35
691543,1.24
691551,27.28
691552,22.41
691553,27.97
691554,4.27
691555,7.71
691556,30.0
691557,1.64
691559,1.44
691560,1.83
691566,1.24
691571,1.1
691573,1.12
691574,1.45
691576,1.22
691577,1.45
691578,2.36
691579,3.71
691582,1.24
691583,1.63
691584,1.56
691585,0.56
691601,2.72
691602,1.45
695001,30.0
695002,1.94
695003,24.09
695004,30.0
695005,24.76
695006,30.0
695008,17.6
695009,19.52
695010,0.24
695011,28.54
695012,30.0
695013,1.7
695014,30.0
695015,1.16
695020,2.52
695021,30.0
695023,23.17
695024,30.0
695026,30.0
695027,1.32
695028,23.71
695033,1.23
695035,0.23
695043,30.0
695102,2.58
695103,23.28
695104,21.28
695121,30.0
695122,30.0
695123,10.13
695124,2.65
695125,4.26
695126,16.74
695132,0.63
695133,1.09
695141,1.48
695143,0.3
695146,30.0
695301,0.49
695307,22.78
695310,6.0
695311,1.69
695312,4.52
695501,30.0
695502,0.98
695503,13.73
695504,1.58
695505,6.12
695506,2.11
695512,5.12
695521,1.39
695522,30.0
695523,30.0
695524,5.08
695525,1.38
695526,1.27
695527,0.16
695541,2.84
695542,7.52
695543,1.93
695551,3.96
695561,3.5
695562,3.85
695563,12.59
695564,1.23
695568,1.76
695571,2.01
695572,3.51
695573,11.9
695574,1.95
695575,1.58
695581,2.33
695583,0.9
695601,2.61
695602,2.17
695603,2.09
695604,18.98
695605,0.99
695606,1.79
695607,2.29
695608,0.68
695609,13.28
695610,23.67
695612,2.45
695614,23.34
700001,13.96
700002,30.0
700003,0.13
700004,1.53
700005,0.29
700006,0.75
700007,0.51
700009,0.13
700010,0.47
700012,0.68
700014,9.36
700015,1.01
700016,1.29
700017,10.78
700018,2.85
700019,0.86
700020,0.47
700022,0.18
700023,0.45
700024,0.73
700025,2.55
700026,0.66
700027,0.81
700028,13.83
700029,0.47
700030,23.41
700031,0.27
700032,1.13
700033,0.38
700034,0.7
700035,0.31
700036,0.73
700037,0.32
700039,13.83
700040,0.48
700041,1.61
700042,3.57
700043,3.27
700044,0.46
700046,1.41
700047,0.95
700048,0.43
700049,0.0
700050,0.29
700051,0.51
700052,1.03
700053,0.98
700054,0.11
700055,13.51
700056,1.08
700057,0.51
700058,0.56
700059,0.46
700060,1.23
700061,0.75
700063,1.07
700064,11.63
700065,15.86
700067,0.22
700069,0.06
700070,10.45
700071,1.81
700072,0.92
700073,9.25
700074,0.57
700075,8.52
700078,0.48
700080,4.91
700082,5.63
700083,6.66
700084,3.51
700088,0.49
700089,0.37
700090,8.8
700091,0.74
700094,1.47
700099,0.64
700103,4.7
700104,2.47
700105,1.4
700107,0.39
700108,30.0
700110,1.72
700111,30.0
700112,0.0
700113,10.96
700114,0.0
700117,0.67
700119,1.54
700120,1.32
700121,1.51
700122,1.09
700123,1.69
700124,0.49
700125,3.7
700126,3.47
700128,1.98
700129,0.63
700130,1.12
700131,0.63
700132,21.16
700135,4.84
700136,0.53
700137,10.25
700138,7.95
700139,8.06
700140,5.55
700141,3.23
700145,30.0
700149,10.78
700150,5.09
700151,9.6
700152,30.0
700154,12.6
700156,11.97
700157,0.92
700159,0.56
711101,25.97
711102,30.0
711103,0.63
711104,5.9
711105,0.51
711106,7.85
711107,0.39
711109,10.98
711112,0.39
711114,3.52
711201,0.75
711202,0.23
711204,30.0
711205,30.0
711226,30.0
711227,30.0
711301,30.0
711302,30.0
711303,30.0
711307,16.32
711309,1.09
711310,30.0
711312,30.0
711313,30.0
711314,30.0
711315,30.0
711316,30.0
711322,6.14
711401,30.0
711403,4.0
711404,1.76
711405,7.55
711408,15.54
711409,1.51
711410,30.0
711411,8.99
711412,30.0
711413,30.0
711414,5.45
712101,9.17
712102,18.61
712103,30.0
712104,20.07
712105,30.0
712122,17.79
712123,30.0
712124,2.97
712125,25.63
712134,30.0
712135,30.0
712136,14.76
712138,9.7
712139,0.3
712146,22.38
712147,3.41
712148,9.2
712149,6.36
712152,11.52
712201,1.21
712202,0.0
712203,0.0
712222,30.0
712223,0.27
712235,0.91
712245,0.0
712246,22.15
712248,30.0
712249,0.15
712250,8.71
712258,0.0
712301,2.67
712302,30.0
712303,30.0
712304,0.0
712305,2.61
712306,0.0
712308,21.61
712310,0.0
712311,3.38
712401,5.44
712402,30.0
712403,0.0
712404,0.65
712405,0.0
712406,30.0
712407,7.99
712408,8.7
712409,0.13
712410,3.34
712412,2.19
712413,30.0
712414,13.96
712415,11.65
712416,11.48
712417,7.35
712501,21.86
712502,30.0
712503,28.02
712512,29.08
712513,3.43
712515,12.29
712601,30.0
712602,23.34
712611,20.21
712612,2.32
712613,30.0
712614,27.55
712615,2.23
712616,20.48
712617,5.27
712701,6.69
712702,8.32
712706,9.4
713101,30.0
713102,12.85
713103,30.0
713104,24.85
713121,13.8
713122,5.31
713123,6.27
713124,17.8
713125,6.31
713126,10.26
713127,28.88
713128,5.93
713129,22.54
713130,11.76
713131,27.39
713132,6.43
713140,6.86
713141,5.79
713142,6.77
713143,20.33
713144,12.24
713145,4.7
713146,20.15
713147,7.31
713148,6.35
713149,30.0
713150,5.49
713151,5.26
713152,10.99
713153,3.31
713166,30.0
713201,1.17
713203,1.32
713204,2.74
713205,2.91
713206,2.22
713208,1.14
713209,0.45
713210,0.56
713211,1.15
713212,4.79
713214,0.55
713215,0.76
713301,30.0
713302,30.0
713303,30.0
713304,30.0
713315,30.0
713321,3.32
713322,0.89
713323,30.0
713324,0.97
713325,15.11
713330,5.54
713331,8.9
713332,30.0
713333,0.13
713334,4.2
713335,0.18
713336,0.27
713337,1.46
713338,1.36
713339,2.07
713341,7.54
713343,30.0
713346,2.43
713347,0.6
713358,2.67
713359,30.0
713360,30.0
713362,2.42
713363,2.42
713371,3.57
713373,5.97
713378,2.8
713381,3.04
713385,2.25
713401,2.31
713403,20.31
713404,30.0
713405,12.2
713406,5.03
713407,8.93
713408,21.84
713409,4.4
713420,30.0
713421,30.0
713422,6.05
713423,30.0
713424,6.82
713426,5.22
713427,25.69
713428,3.15
713502,3.89
713512,21.21
713513,5.03
713514,30.0
713515,7.51
713519,18.76
713520,7.3
721101,20.96
721102,6.02
721121,8.73
721122,10.74
721124,4.95
721125,6.32
721126,0.54
721127,0.08
721128,0.14
721129,3.09
721130,30.0
721131,2.06
721133,1.64
721134,13.46
721135,0.08
721136,0.04
721137,27.08
721139,30.0
721140,0.07
721143,8.49
721144,2.64
721145,30.0
721146,8.3
721147,0.16
721148,30.0
721149,0.17
721150,0.05
721151,30.0
721152,1.13
721153,30.0
721154,1.64
721155,0.02
721156,10.33
721157,0.16
721158,30.0
721159,19.85
721160,7.54
721166,25.63
721172,19.99
721201,0.05
721211,0.03
721212,5.0
721222,16.57
721232,10.64
721242,0.14
721253,0.41
721260,0.03
721301,3.76
721304,30.0
721305,0.98
721306,1.28
721401,30.0
721405,5.27
721420,30.0
721422,8.7
721423,2.14
721424,30.0
721425,2.08
721426,4.31
721427,4.19
721428,30.0
721429,4.95
721430,24.34
721431,30.0
721432,4.39
721433,7.71
721434,7.96
721435,30.0
721436,3.07
721437,30.0
721438,0.93
721439,3.78
721440,3.08
721441,10.23
721442,11.23
721443,3.27
721444,4.78
721445,30.0
721446,3.44
721447,2.16
721448,5.24
721449,30.0
721450,1.77
721451,2.51
721452,30.0
721453,30.0
721454,30.0
721455,9.73
721456,16.82
721457,3.54
721458,2.79
721467,30.0
721501,30.0
721503,22.86
721504,9.29
721505,0.2
721506,0.04
721507,0.69
721513,0.01
721514,0.45
721515,15.96
721516,2.04
721517,18.45
721601,30.0
721602,6.11
721603,30.0
721606,3.45
721607,0.43
721625,30.0
721626,30.0
721627,30.0
721628,2.96
721629,30.0
721631,5.24
721632,30.0
721633,30.0
721634,0.48
721635,30.0
721636,14.96
721641,30.0
721642,30.0
721643,7.99
721644,18.75
721645,30.0
721646,30.0
721647,20.26
721648,30.0
721649,30.0
721650,30.0
721651,19.22
721652,12.12
721653,30.0
721654,1.18
721655,30.0
721656,30.0
721657,30.0
721658,30.0
721659,30.0
722101,30.0
722102,10.04
722121,13.69
722122,11.26
722132,30.0
722133,13.51
722134,3.76
722135,3.0
722136,8.94
722137,8.34
722138,4.92
722139,5.12
722140,11.14
722141,1.24
722142,16.11
722143,2.68
722144,5.04
722146,6.18
722147,12.69
722148,30.0
722149,12.03
722150,30.0
722151,1.84
722152,12.02
722153,6.42
722154,15.18
722155,25.88
722156,12.8
722157,14.21
722158,2.52
722160,7.92
722161,4.61
722162,12.0
722164,26.46
722173,30.0
722201,14.68
722202,10.02
722203,9.44
722205,19.27
722206,9.03
722207,14.89
722208,8.47
723101,11.02
723102,9.13
723103,7.56
723104,6.72
723121,30.0
723126,8.25
723127,9.95
723128,10.2
723129,9.85
723130,23.94
723131,20.61
723132,12.44
723133,11.51
723142,19.32
723143,19.08
723145,9.05
723146,4.87
723147,7.51
723148,7.05
723149,7.66
723151,9.77
723152,12.37
723153,6.54
723154,7.16
723155,8.38
723156,21.32
723201,7.74
723202,7.12
723212,8.1
723213,17.25
723215,15.42
731101,30.0
731102,6.5
731103,5.42
731104,4.88
731121,12.97
731123,5.64
731124,6.28
731125,7.42
731126,5.22
731127,4.52
731129,30.0
731130,6.92
731132,6.15
731133,10.26
731201,8.61
731202,26.76
731204,8.83
731214,4.99
731215,25.92
731216,6.1
731218,4.6
731219,5.06
731220,14.01
731221,4.58
731222,30.0
731223,17.29
731224,30.0
731233,2.91
731234,12.01
731235,1.24
731236,12.05
731237,14.84
731238,4.46
731240,4.14
731241,24.22
731242,1.97
731243,7.75
731244,16.45
731245,3.27
731301,16.9
731302,16.39
731303,5.49
731304,22.27
732101,30.0
732102,0.11
732103,17.36
732121,29.9
732122,0.01
732123,4.64
732124,0.11
732125,6.9
732126,11.55
732127,30.0
732128,30.0
732138,30.0
732139,10.33
732140,3.33
732141,15.15
732142,18.64
732201,18.0
732202,15.2
732203,4.41
732204,30.0
732205,0.24
732206,17.15
732207,3.09
732208,3.12
732209,8.55
732210,13.53
732216,9.21
733101,0.7
733102,0.15
733103,0.0
733121,4.69
733123,3.25
733124,4.46
733125,13.55
733126,8.71
733127,0.0
733128,0.12
733129,15.96
733130,24.09
733132,0.05
733133,0.24
733134,30.0
733140,3.9
733141,0.76
733142,0.0
733143,0.15
733145,0.15
733156,12.19
733158,0.09
733201,0.02
733202,19.97
733207,0.49
733208,0.1
733209,3.82
733210,3.67
733215,0.21
734001,1.37
734003,0.84
734004,0.61
734005,30.0
734006,14.95
734007,3.93
734008,11.76
734009,30.0
734010,2.14
734012,1.14
734013,18.71
734014,1.09
734015,1.07
734101,21.5
734102,5.67
734103,1.22
734104,30.0
734105,1.37
734201,30.0
734203,8.98
734209,9.13
734213,8.4
734214,30.0
734215,11.85
734216,0.04
734217,22.38
734218,20.04
734220,5.28
734221,12.02
734222,4.5
734223,9.64
734224,11.98
734226,8.8
734301,3.04
734311,7.4
734312,30.0
734313,3.25
734314,6.83
734315,30.0
734316,1.85
734423,15.58
734426,23.05
734427,18.65
734429,13.2
734434,30.0
734501,1.11
734503,4.35
735101,1.26
735102,4.16
735121,8.05
735122,8.29
735132,6.22
735133,7.2
735134,5.63
735135,4.05
735202,5.57
735204,3.78
735205,1.49
735206,9.4
735207,1.49
735210,8.52
735211,30.0
735212,2.5
735213,2.12
735214,2.85
735215,1.59
735216,3.08
735217,30.0
735218,30.0
735219,5.9
735220,6.77
735221,0.63
735222,4.35
735223,2.75
735224,7.91
735225,4.0
735227,30.0
735228,27.27
735229,5.03
735230,4.2
735231,21.01
735233,4.84
735301,4.04
735302,2.81
735303,30.0
735304,8.73
735305,6.92
736101,30.0
736121,17.38
736122,1.86
736123,30.0
736131,13.85
736133,30.0
736134,30.0
736135,30.0
736145,26.53
736146,30.0
736156,30.0
736157,30.0
736158,30.0
736159,30.0
736160,30.0
736165,30.0
736167,30.0
736168,30.0
736169,30.0
736170,3.38
736171,30.0
736172,27.86
736176,30.0
736179,30.0
736182,30.0
736201,25.15
736202,30.0
736203,21.51
736204,30.0
736206,23.26
736207,30.0
736208,6.04
737101,0.7
737102,17.6
737103,3.33
737106,19.65
737107,9.59
737111,18.8
737113,17.54
737116,8.47
737120,11.86
737121,18.21
737126,12.82
737128,13.75
737131,13.85
737132,11.52
737133,4.72
737134,11.97
737135,10.35
737139,12.5
741101,30.0
741102,2.76
741103,14.25
741121,2.01
741122,4.58
741123,12.33
741124,12.27
741125,4.41
741126,4.78
741127,2.24
741137,5.82
741138,30.0
741140,30.0
741150,14.86
741151,10.57
741152,6.09
741153,26.61
741154,3.6
741155,3.55
741156,5.99
741157,1.16
741158,30.0
741160,3.19
741161,24.35
741162,3.77
741163,30.0
741164,16.04
741165,16.65
741166,6.61
741167,30.0
741181,1.82
741201,12.07
741202,30.0
741222,30.0
741223,30.0
741235,9.43
741238,24.46
741245,30.0
741246,6.81
741248,0.56
741249,20.36
741250,3.77
741251,18.05
741253,24.73
741254,30.0
741255,1.02
741256,30.0
741257,30.0
741301,2.01
741302,10.2
741313,1.29
741315,1.29
741316,15.55
741317,2.0
741402,3.49
741404,30.0
741501,0.04
741502,3.53
741503,30.0
741504,6.99
741505,23.91
741506,1.77
741507,30.0
741508,21.01
741509,24.0
742101,30.0
742102,1.51
742103,0.59
742104,6.52
742113,30.0
742121,30.0
742122,5.77
742123,0.29
742132,2.85
742133,6.69
742134,15.87
742135,5.23
742136,0.35
742137,30.0
742138,18.74
742140,15.87
742147,11.33
742148,2.67
742149,30.0
742151,30.0
742159,8.06
742161,23.99
742163,21.88
742165,22.99
742166,30.0
742168,29.56
742174,30.0
742175,30.0
742184,25.14
742187,28.05
742189,28.53
742201,4.68
742202,10.02
742212,10.48
742213,9.25
742223,24.94
742224,1.33
742225,30.0
742226,2.02
742227,29.63
742235,20.12
742236,26.27
742237,17.41
742301,14.63
742302,18.61
742303,29.62
742304,20.17
742305,14.03
742306,28.61
742308,21.72
742401,0.07
742404,23.79
742405,15.83
742406,20.82
743123,30.0
743125,0.58
743126,1.69
743127,2.07
743133,0.51
743135,1.72
743144,1.83
743145,1.86
743165,0.46
743166,2.63
743194,0.0
743221,1.92
743222,2.94
743232,30.0
743233,13.85
743234,1.98
743235,9.82
743245,20.76
743247,8.62
743248,1.54
743249,2.61
743251,4.12
743252,8.74
743262,13.66
743263,25.88
743270,3.79
743271,2.49
743272,2.35
743273,6.34
743286,3.51
743287,1.27
743289,1.44
743290,30.0
743291,2.06
743292,2.56
743293,2.28
743294,1.88
743297,2.68
743312,12.65
743318,6.93
743329,11.68
743330,3.33
743331,30.0
743332,12.98
743336,12.28
743337,30.0
743338,9.85
743345,30.0
743347,23.84
743348,30.0
743349,25.95
743351,21.02
743354,26.79
743355,9.53
743356,30.0
743357,26.86
743363,11.64
743368,21.53
743370,12.74
743371,30.0
743372,8.98
743373,21.49
743374,27.81
743375,4.61
743376,12.23
743377,8.65
743378,30.0
743383,15.18
743387,6.17
743395,20.39
743399,24.92
743401,3.54
743405,1.09
743411,0.68
743412,2.56
743422,3.43
743423,4.11
743424,3.56
743425,7.02
743426,3.33
743427,5.42
743428,15.5
743429,2.85
743435,30.0
743437,1.02
743438,2.31
743439,13.75
743442,8.19
743445,2.0
743446,9.12
743456,4.08
743502,8.55
743503,10.4
743504,18.36
743513,3.46
743609,20.64
743610,9.43
743611,9.42
743613,13.95
743701,16.46
743702,19.42
743704,2.04
743710,3.09
743711,3.05
744103,17.31
744204,2.55
744211,9.52
751001,0.28
751002,7.57
751003,3.15
751006,0.89
751007,1.18
751009,10.37
751014,0.1
751017,1.58
751019,4.43
751020,15.17
751022,0.66
751024,1.78
752001,1.18
752002,7.73
752010,7.64
752011,7.17
752012,4.94
752013,5.61
752014,4.45
752015,4.21
752016,4.49
752017,6.84
752018,2.48
752019,3.53
752020,4.33
752021,4.08
752022,0.65
752023,3.19
752024,11.86
752025,6.46
752026,3.65
752027,2.38
752030,11.2
752031,3.43
752032,5.46
752034,2.72
752035,6.17
752038,3.02
752045,5.3
752046,5.53
752050,3.71
752054,4.32
752056,3.56
752057,4.35
752060,2.48
752061,4.4
752062,2.9
752063,5.83
752064,3.65
752065,4.0
752066,4.49
752068,2.75
752069,3.56
752070,1.65
752077,4.77
752078,0.0
752079,5.41
752080,2.1
752081,2.42
752082,0.94
752083,7.65
752084,13.05
752085,2.55
752089,2.56
752090,6.51
752091,15.53
752092,3.47
752093,0.0
752094,2.78
752100,8.95
752101,0.75
752102,4.43
752103,8.13
752104,4.9
752105,2.58
752106,4.02
752107,3.73
752108,2.73
752109,3.03
752110,3.1
752111,4.09
752113,0.03
752114,3.37
752116,2.51
752118,2.24
752119,2.3
752120,0.0
752121,2.78
753001,0.8
753002,0.55
753003,0.83
753004,0.32
753007,1.96
753008,0.61
753009,0.5
753010,0.46
753011,4.46
753012,0.41
753013,0.29
753014,0.85
754001,3.88
754002,2.16
754003,30.0
754004,4.56
754005,3.79
754006,2.39
754007,5.23
754008,4.76
754009,4.19
754010,2.92
754018,1.93
754021,0.37
754022,30.0
754023,2.87
754024,2.27
754025,3.37
754027,4.51
754028,3.98
754029,30.0
754030,4.14
754031,18.45
754032,20.13
754035,1.59
754037,19.36
754082,4.4
754100,2.67
754102,2.7
754103,0.76
754104,5.73
754105,2.43
754106,8.43
754107,12.05
754108,12.46
754109,30.0
754110,30.0
754111,7.86
754112,3.13
754113,30.0
754114,30.0
754119,7.61
754130,3.14
754131,3.43
754132,5.74
754133,5.51
754134,4.01
754135,30.0
754136,23.32
754137,2.74
754138,3.08
754139,5.06
754140,3.52
754141,30.0
754142,4.61
754153,2.17
754160,30.0
754162,9.49
754200,30.0
754201,30.0
754202,2.52
754203,1.59
754204,3.09
754205,3.66
754206,2.19
754207,4.61
754208,3.71
754209,2.04
754210,3.57
754211,1.34
754212,5.89
754213,7.3
754214,5.55
754215,4.52
754216,6.11
754217,7.9
754218,19.98
754219,30.0
754220,3.67
754221,2.53
754222,7.76
754223,29.2
754224,6.37
754225,8.91
754227,7.21
754228,5.23
754231,10.38
754239,1.27
754240,30.0
754244,16.38
754245,2.22
754246,5.6
754248,19.16
754250,6.49
754253,30.0
754289,7.32
754290,30.0
754292,6.81
754293,1.68
754294,4.94
754295,9.21
754296,3.21
755001,1.6
755003,4.57
755004,4.5
755005,2.97
755006,3.29
755007,3.48
755008,6.42
755009,3.28
755010,10.19
755011,5.46
755012,5.12
755013,2.44
755014,4.63
755015,6.66
755016,6.16
755017,3.81
755018,6.46
755019,20.6
755022,3.86
755023,5.4
755024,9.76
755025,4.21
755026,6.22
755027,4.0
755028,20.24
755036,30.0
755043,4.6
755044,2.79
755049,10.78
755051,30.0
755061,6.53
755062,2.67
756001,25.08
756002,2.92
756003,14.53
756019,3.57
756020,14.62
756021,14.87
756022,1.63
756023,3.09
756024,5.96
756025,29.98
756026,3.0
756027,6.92
756028,5.11
756029,20.02
756030,3.56
756032,0.82
756033,20.08
756034,3.74
756035,5.41
756036,3.44
756037,6.37
756038,4.51
756039,12.02
756040,13.97
756041,12.78
756042,3.74
756043,4.02
756044,13.75
756045,8.68
756046,12.09
756047,14.13
756048,24.72
756049,27.97
756051,30.0
756055,14.19
756056,16.53
756058,15.3
756059,8.52
756060,30.0
756079,4.24
756080,5.39
756081,4.88
756083,19.66
756084,2.95
756085,11.32
756086,3.52
756087,30.0
756100,1.42
756101,4.61
756111,4.0
756112,3.71
756113,5.16
756114,5.26
756115,8.22
756116,3.54
756117,3.94
756118,1.82
756119,4.91
756120,2.95
756121,5.86
756122,16.33
756123,2.21
756124,2.02
756125,10.89
756126,4.06
756127,27.45
756128,3.39
756129,2.96
756130,4.07
756131,6.32
756132,7.61
756133,4.86
756134,3.62
756135,4.51
756137,8.21
756138,2.52
756139,12.44
756144,10.77
756162,11.84
756163,4.26
756164,5.62
756165,9.89
756166,7.78
756167,2.76
756168,7.47
756171,8.91
756181,3.39
756182,6.74
757001,0.8
757002,1.37
757003,3.8
757014,5.81
757016,4.33
757017,3.51
757018,13.06
757019,4.23
757020,4.94
757021,16.46
757022,4.64
757023,4.5
757024,3.07
757025,30.0
757026,6.18
757027,20.35
757028,16.7
757029,8.48
757030,4.38
757031,11.81
757032,10.42
757033,17.29
757034,13.54
757035,7.39
757036,5.99
757037,10.1
757038,13.55
757039,4.12
757040,4.02
757041,3.74
757042,5.07
757043,0.78
757045,15.98
757046,6.58
757047,3.86
757048,4.61
757049,8.37
757050,5.44
757051,7.94
757052,13.92
757053,5.06
757054,4.94
757055,2.53
757073,2.92
757074,3.72
757075,11.52
757077,4.41
757079,16.99
757081,7.94
757082,2.66
757083,2.3
757084,5.36
757085,4.84
757086,5.62
757087,5.62
757091,6.82
757092,12.83
757093,22.73
757100,11.44
757101,3.33
757102,24.69
757103,6.25
757104,3.5
757105,18.16
757106,3.35
757107,15.5
758001,1.45
758002,29.9
758013,5.61
758014,30.0
758015,6.38
758016,5.63
758017,4.24
758018,10.49
758019,6.03
758020,2.64
758021,11.02
758022,4.73
758023,4.06
758025,3.8
758026,1.39
758027,4.64
758028,5.68
758029,6.56
758030,5.3
758031,6.16
758032,6.37
758034,3.73
758035,21.78
758036,30.0
758037,0.38
758038,3.04
758040,1.26
758041,5.64
758043,5.38
758044,7.75
758045,4.08
758046,5.72
758047,5.56
758076,7.79
758078,2.89
758079,4.77
758080,6.03
758081,4.87
758082,23.52
758083,2.61
758084,4.09
758085,10.43
758086,9.08
758087,4.76
759001,1.21
759013,7.37
759014,4.95
759015,7.18
759016,13.32
759017,5.0
759018,6.82
759019,6.53
759020,5.12
759021,4.12
759022,5.85
759023,3.38
759024,4.61
759025,4.74
759026,5.34
759027,5.61
759028,5.4
759029,5.93
759039,8.98
759100,9.64
759101,1.06
759103,26.24
759104,5.69
759105,10.49
759117,6.34
759118,12.02
759119,8.88
759120,5.95
759121,5.49
759122,0.33
759123,7.65
759124,5.19
759125,14.25
759126,12.99
759127,13.6
759128,4.07
759129,4.42
759130,11.4
759132,10.63
759141,9.21
759143,4.45
759145,1.23
759146,15.53
759147,10.77
760001,26.18
760002,1.76
760003,3.78
760004,0.28
760006,0.0
760007,2.56
760008,0.82
760010,1.29
761001,3.38
761002,2.94
761003,4.47
761004,4.1
761005,5.44
761006,3.89
761007,4.62
761008,3.84
761009,3.6
761010,3.18
761011,2.69
761012,3.03
761013,3.02
761014,5.63
761015,6.09
761016,9.48
761017,7.15
761018,4.54
761019,2.91
761020,0.58
761026,4.18
761027,4.87
761028,3.92
761029,3.74
761030,5.52
761031,2.67
761032,3.91
761035,3.55
761037,2.57
761041,3.31
761042,13.66
761043,2.05
761045,3.32
761054,2.52
761055,9.14
761100,3.38
761101,3.07
761102,2.99
761103,2.51
761104,4.84
761105,6.8
761106,4.1
761107,5.14
761108,4.63
761109,5.31
761110,0.73
761111,2.21
761114,0.0
761115,2.51
761116,1.98
761117,5.41
761118,5.15
761119,5.1
761120,1.93
761121,6.07
761122,2.57
761123,2.38
761124,3.85
761125,2.62
761126,1.07
761131,4.14
761132,5.92
761133,1.5
761140,2.48
761141,3.49
761143,0.0
761144,1.78
761146,1.81
761151,6.39
761200,30.0
761201,3.54
761206,30.0
761207,5.32
761208,4.66
761209,3.07
761210,2.3
761211,3.57
761212,6.81
761213,5.64
761214,4.54
761215,3.49
761217,8.99
762001,0.94
762002,16.3
762010,4.1
762011,7.87
762012,10.6
762013,4.17
762014,7.72
762015,7.26
762016,5.88
762017,5.65
762018,5.02
762019,2.55
762020,5.97
762021,19.17
762022,3.12
762023,4.6
762024,4.01
762026,6.83
762027,2.53
762028,5.58
762029,3.93
762030,5.04
762100,4.62
762101,5.22
762102,7.22
762103,11.22
762104,12.32
762105,24.15
762106,5.63
762107,8.92
762109,5.99
762110,8.11
762112,3.21
763002,0.34
763008,0.62
764001,30.0
764002,12.54
764003,1.75
764005,0.0
764011,0.0
764014,30.0
764020,1.38
764021,11.19
764027,30.0
764028,19.77
764036,30.0
764037,15.5
764038,6.43
764039,4.86
764040,26.24
764041,0.0
764042,19.33
764043,16.96
764044,30.0
764045,30.0
764046,30.0
764047,0.0
764049,30.0
764051,20.52
764052,30.0
764055,2.32
764056,1.42
764057,25.79
764058,20.21
764059,13.45
764061,6.69
764062,0.0
764063,30.0
764070,3.61
764071,9.05
764072,10.92
764073,23.37
764074,5.8
764075,7.68
764076,19.08
764077,24.34
764078,4.55
764081,2.13
764085,0.0
764086,3.87
764087,30.0
764088,28.26
765001,20.89
765002,0.0
765013,23.83
765015,0.0
765016,1.31
765017,4.02
765018,0.0
765019,2.32
765020,1.12
765021,0.01
765022,2.08
765023,2.17
765024,0.0
765025,0.0
765026,2.12
765029,0.0
765033,3.08
765034,3.86
766001,1.05
766002,9.08
766011,7.2
766012,10.11
766013,7.41
766014,6.76
766015,5.21
766016,30.0
766017,6.11
766018,6.7
766019,5.42
766020,7.73
766023,4.87
766026,4.9
766027,5.29
766028,2.79
766029,7.48
766031,3.71
766032,1.58
766036,8.28
766037,11.96
766100,6.2
766101,5.19
766102,8.67
766103,4.75
766104,7.67
766105,15.56
766106,7.88
766107,5.94
766108,7.11
766110,4.38
766111,7.91
766118,7.72
767001,0.77
767002,6.89
767016,6.39
767017,5.6
767018,7.43
767019,8.96
767020,6.78
767021,14.1
767022,2.84
767023,11.65
767024,7.23
767025,11.58
767026,9.09
767027,5.54
767028,9.43
767029,7.73
767030,3.67
767032,27.57
767033,10.67
767035,15.09
767037,9.11
767038,19.39
767039,4.32
767040,6.3
767041,2.66
767045,15.81
767046,3.83
767048,8.76
767060,25.11
767061,3.3
767062,8.93
767065,6.92
767066,30.0
767067,5.78
767068,14.25
767071,4.36
768001,1.1
768004,0.88
768005,4.31
768006,2.21
768017,6.43
768025,5.16
768027,22.85
768028,0.18
768029,30.0
768030,3.74
768032,13.08
768033,5.94
768034,4.95
768035,4.59
768036,9.35
768037,4.12
768038,21.87
768039,7.29
768040,4.08
768042,12.07
768045,10.96
768048,13.86
768049,3.72
768050,4.66
768052,8.14
768102,4.13
768103,3.3
768104,5.68
768105,10.5
768106,23.46
768107,9.14
768108,13.96
768109,29.89
768110,5.84
768111,8.31
768112,7.89
768113,4.3
768115,5.7
768119,6.83
768121,9.62
768200,7.18
768201,1.3
768202,6.53
768204,3.7
768211,7.57
768212,8.06
768213,8.38
768214,12.07
768215,3.94
768216,1.72
768217,3.32
768219,9.04
768220,6.73
768221,6.68
768222,6.86
768224,19.41
768225,2.14
768226,11.63
768227,12.65
768228,7.22
768234,9.13
769001,0.41
769002,0.65
769003,1.47
769004,2.04
769006,0.31
769007,0.49
769009,1.1
769012,1.18
769015,0.53
769042,2.18
769043,3.16
770001,0.6
770002,8.86
770011,4.45
770012,7.13
770013,7.11
770014,6.05
770015,7.52
770016,8.2
770017,6.09
770018,6.8
770019,3.97
770020,4.9
770021,3.87
770022,5.03
770023,2.85
770024,5.68
770031,1.79
770032,1.28
770033,9.3
770034,2.93
770035,5.96
770036,9.15
770037,8.03
770038,5.48
770039,4.33
770040,29.2
770041,0.01
770043,10.74
770044,7.2
770048,4.66
770051,6.44
770070,1.41
770072,3.83
770073,5.38
770074,7.48
770075,6.8
770076,4.18
781001,0.9
781003,0.4
781005,0.0
781007,0.58
781008,0.48
781011,3.51
781012,0.39
781015,0.03
781017,1.29
781023,16.43
781024,0.37
781025,0.89
781026,0.0
781027,0.0
781029,0.0
781030,0.0
781031,0.92
781101,0.0
781102,0.01
781103,2.03
781104,0.0
781120,0.0
781121,0.0
781122,0.0
781123,0.0
781124,0.1
781125,0.12
781126,0.0
781127,0.0
781128,0.0
781129,0.0
781131,0.0
781132,0.0
781134,0.0
781135,8.47
781136,0.0
781137,0.58
781138,0.0
781141,0.0
781150,7.37
781171,0.5
781301,0.63
781302,0.0
781303,0.0
781304,0.0
781305,0.0
781306,0.0
781307,0.0
781308,0.87
781309,0.0
781310,0.0
781311,0.0
781312,0.0
781313,0.0
781314,0.0
781315,0.0
781316,0.0
781317,1.08
781318,0.0
781319,0.0
781321,0.0
781325,3.31
781326,0.0
781327,0.0
781328,0.0
781329,0.95
781330,0.0
781333,0.0
781334,0.0
781335,10.01
781337,0.0
781338,0.0
781339,0.82
781340,0.0
781341,2.16
781343,7.18
781344,0.0
781346,0.0
781347,0.91
781348,0.0
781349,0.0
781350,0.0
781351,4.22
781352,0.0
781353,0.0
781354,0.0
781355,0.0
781360,5.58
781364,30.0
781365,0.0
781366,0.0
781367,0.0
781368,0.0
781369,0.0
781370,0.0
781371,0.0
781372,2.55
781373,0.0
781374,8.97
781375,0.0
781376,0.0
781377,0.0
781378,0.0
781380,0.0
781381,0.0
781382,0.0
782001,0.0
782002,0.0
782003,0.0
782101,0.0
782102,0.0
782103,0.0
782104,0.0
782105,0.0
782106,0.0
782120,0.0
782121,0.0
782122,0.0
782123,0.0
782124,0.0
782125,0.0
782126,0.0
782127,0.0
782128,0.0
782135,0.0
782136,0.0
782137,0.0
782138,0.0
782139,0.0
782140,0.0
782141,0.0
782142,0.0
782143,0.0
782144,0.0
782401,0.0
782402,0.0
782403,0.0
782410,0.0
782411,0.0
782412,0.0
782413,30.0
782425,0.0
782426,0.0
782427,0.0
782428,0.0
782429,0.0
782435,0.11
782439,0.0
782440,0.0
782441,0.0
782442,10.36
782445,0.0
782446,0.0
782447,0.0
782448,0.0
782450,1.55
782461,0.0
782462,0.0
782470,0.0
782480,0.0
782481,0.0
782482,0.0
782485,0.0
782486,0.0
782490,0.0
783101,30.0
783120,30.0
783122,25.5
783123,30.0
783124,14.41
783125,30.0
783126,30.0
783127,30.0
783128,30.0
783129,23.53
783130,30.0
783131,30.0
783132,30.0
783134,30.0
783135,28.84
783301,24.5
783323,30.0
783324,4.42
783325,2.14
783330,30.0
783331,8.13
783332,30.0
783333,17.54
783334,30.0
783335,20.54
783336,8.13
783337,11.52
783339,30.0
783345,30.0
783346,30.0
783347,30.0
783348,30.0
783349,30.0
783350,13.56
783354,14.94
783360,30.0
783361,13.87
783369,4.33
783370,7.66
783371,30.0
783372,30.0
783373,30.0
783375,30.0
783376,30.0
783380,25.29
783381,1.31
783382,30.0
783383,30.0
783384,26.13
783385,2.87
783388,12.6
783389,30.0
783390,30.0
783391,30.0
783392,30.0
783393,30.0
783394,30.0
784001,2.77
784025,0.79
784027,3.78
784101,0.86
784102,5.44
784103,23.54
784104,0.91
784105,1.68
784110,14.38
784111,30.0
784112,8.52
784113,9.51
784114,12.89
784115,30.0
784116,30.0
784117,9.78
784144,8.94
784145,8.52
784146,6.02
784147,30.0
784148,6.22
784149,9.77
784150,4.62
784153,11.39
784154,4.76
784160,0.01
784161,0.21
784163,9.92
784164,9.82
784165,5.63
784167,0.0
784168,5.73
784169,0.0
784170,0.0
784171,0.0
784172,7.24
784173,29.22
784174,2.34
784175,11.3
784176,7.91
784177,0.0
784178,0.0
784179,2.5
784180,1.98
784182,6.76
784184,0.0
784189,0.0
784190,30.0
784501,0.0
784502,0.0
784504,0.0
784505,5.1
784506,21.15
784507,4.72
784508,11.02
784509,14.3
784510,23.76
784513,0.0
784514,14.19
784521,9.04
784522,30.0
784523,12.99
784524,30.0
784525,13.43
784526,4.64
784527,9.48
784528,30.0
784529,20.02
785001,30.0
785004,0.0
785006,0.0
785007,0.0
785008,0.0
785009,0.0
785010,0.0
785014,0.0
785015,0.0
785101,0.0
785102,0.0
785104,0.01
785105,0.0
785106,0.0
785107,0.0
785108,0.0
785110,1.54
785111,0.0
785112,0.0
785601,0.0
785602,0.0
785603,30.0
785609,0.0
785610,0.0
785611,0.0
785612,0.0
785613,0.0
785614,5.48
785615,0.0
785616,0.0
785618,0.0
785619,0.0
785622,0.0
785625,0.0
785626,0.0
785630,2.07
785631,0.0
785632,0.0
785633,0.0
785634,0.0
785635,0.0
785636,0.0
785640,24.88
785661,0.0
785662,0.0
785663,30.0
785664,0.0
785665,0.0
785666,0.0
785667,0.0
785669,0.0
785670,0.0
785671,0.0
785672,0.0
785673,0.0
785674,0.0
785675,3.62
785676,3.93
785680,0.0
785681,0.0
785682,0.0
785683,0.0
785684,0.0
785685,0.0
785686,0.0
785687,0.0
785688,0.0
785689,0.0
785690,0.0
785691,30.0
785692,0.0
785693,0.0
785696,0.0
785697,0.0
785698,0.0
785699,0.0
785700,0.0
785701,30.0
785702,0.0
785703,0.0
785704,0.0
785705,0.0
786001,25.0
786003,0.05
786004,0.0
786007,7.26
786008,13.95
786010,0.06
786012,0.23
786101,0.52
786103,30.0
786125,13.8
786126,12.79
786145,0.22
786146,0.11
786147,11.04
786148,2.8
786150,0.47
786151,8.43
786152,4.96
786154,0.14
786156,6.64
786157,15.98
786158,30.0
786159,0.53
786160,0.27
786170,0.4
786171,10.24
786174,6.03
786179,0.35
786181,0.22
786182,8.34
786183,0.14
786184,0.38
786187,18.01
786188,0.52
786189,21.17
786190,29.83
786191,5.42
786192,12.71
786601,1.12
786602,9.49
786610,0.97
786611,7.7
786612,5.74
786613,5.22
786614,4.56
786621,3.69
787023,2.83
787026,3.48
787031,0.03
787032,9.03
787033,22.06
787034,5.6
787035,12.49
787051,3.42
787052,0.98
787053,5.84
787054,30.0
787055,1.0
787056,1.11
787057,2.09
787058,0.92
787059,1.67
787060,8.25
787061,10.72
787110,7.63
788001,0.0
788002,0.44
788003,2.54
788004,1.27
788005,15.63
788006,1.15
788007,0.0
788009,1.15
788010,2.4
788011,7.0
788013,3.81
788015,24.51
788025,1.2
788026,2.73
788030,2.33
788031,6.47
788098,4.82
788099,5.67
788101,3.72
788102,7.08
788104,23.12
788106,11.67
788107,15.56
788108,17.91
788110,15.58
788111,30.0
788112,18.38
788113,7.13
788114,8.28
788115,3.76
788116,6.1
788117,0.0
788119,1.82
788120,16.53
788121,12.69
788123,25.26
788126,27.36
788127,15.12
788150,0.0
788152,9.09
788155,5.11
788156,0.0
788160,0.0
788161,0.0
788162,13.25
788163,0.0
788164,0.0
788165,0.0
788166,22.22
788168,0.0
788701,20.07
788709,0.69
788710,0.95
788711,30.0
788712,0.18
788713,0.3
788719,7.31
788720,6.18
788722,2.59
788723,0.0
788724,5.71
788725,9.34
788726,24.63
788728,16.4
788733,20.05
788734,27.59
788735,9.84
788736,0.0
788737,6.42
788781,2.83
788801,0.0
788802,0.3
788804,8.13
788805,6.78
788806,4.41
788815,3.8
788816,7.92
788817,0.0
788818,30.0
788819,24.0
788820,11.26
788830,6.68
788831,12.33
788832,30.0
788931,5.6
793001,0.5
795001,0.62
796015,6.83
797112,3.44
798625,2.08
799131,30.0
799266,12.39
800001,3.48
800002,2.56
800004,15.15
800006,14.51
800007,9.3
800008,30.0
800009,22.18
800011,30.0
800012,14.16
800014,2.07
800020,30.0
800026,0.41
800030,30.0
801102,28.45
801103,30.0
801104,30.0
801105,30.0
801108,9.57
801109,30.0
801110,20.14
801111,30.0
801112,30.0
801113,30.0
801301,30.0
801302,30.0
801303,30.0
801304,30.0
801305,30.0
801306,30.0
801307,30.0
801503,10.92
801505,12.45
801506,30.0
802101,25.0
802102,4.15
802103,3.01
802111,17.41
802112,21.28
802113,16.12
802114,5.84
802115,13.63
802116,11.2
802117,8.92
802118,5.69
802119,5.56
802120,6.63
802122,30.0
802123,7.65
802125,12.33
802126,29.08
802127,2.29
802128,5.94
802129,11.02
802130,14.79
802131,18.38
802132,30.0
802133,30.0
802134,6.84
802135,1.27
802136,2.41
802152,3.53
802154,30.0
802155,7.77
802156,3.38
802157,5.4
802158,9.17
802159,13.25
802160,2.11
802161,2.55
802162,10.82
802163,26.9
802164,3.05
802165,5.43
802166,10.69
802183,30.0
802201,5.94
802202,13.37
802203,4.28
802204,10.37
802205,3.57
802206,6.49
802207,5.85
802208,12.19
802209,5.01
802210,2.96
802211,30.0
802212,20.51
802213,27.42
802214,13.14
802215,22.98
802216,21.76
802217,24.03
802218,29.83
802219,19.72
802220,30.0
802221,1.24
802222,6.99
802223,3.54
802226,30.0
802301,4.78
802311,5.03
802312,3.76
802313,4.89
802314,10.92
802316,3.07
802351,6.98
802352,23.8
803101,28.67
803107,30.0
803108,11.41
803109,23.46
803110,30.0
803111,30.0
803113,7.28
803114,30.0
803115,30.0
803116,30.0
803117,30.0
803118,30.0
803119,30.0
803120,30.0
803201,11.38
803202,17.46
803203,30.0
803211,30.0
803212,30.0
803213,30.0
803214,30.0
803216,30.0
803221,17.18
803301,6.79
803302,3.24
803303,2.6
803306,4.55
803307,0.75
804401,30.0
804402,30.0
804403,30.0
804404,24.1
804405,0.48
804406,12.66
804407,30.0
804408,1.2
804417,3.56
804418,30.0
804419,30.0
804420,2.63
804421,30.0
804422,2.96
804423,30.0
804424,20.81
804425,11.0
804426,25.62
804427,30.0
804428,30.0
804429,0.57
804432,12.55
804435,14.1
804451,30.0
804452,30.0
804453,18.59
804454,12.39
805101,2.56
805102,7.35
805103,2.33
805104,8.8
805105,2.87
805106,4.75
805107,5.5
805108,3.24
805109,18.94
805111,5.09
805112,0.0
805113,30.0
805121,0.19
805122,0.11
805123,0.18
805124,3.62
805125,0.35
805126,0.08
805127,18.06
805128,8.76
805129,30.0
805130,6.09
805131,2.5
805132,2.37
811105,30.0
811201,2.31
811311,0.74
811313,4.22
811317,3.53
812001,0.31
812002,0.73
812003,0.0
812004,30.0
812005,30.0
812006,30.0
813101,30.0
813102,30.0
813103,30.0
813104,30.0
813106,30.0
813107,30.0
813108,30.0
813109,30.0
813110,30.0
813202,30.0
813203,8.62
813204,30.0
813205,30.0
813206,30.0
813207,30.0
813208,29.37
813209,30.0
813210,30.0
813211,13.82
813212,30.0
813213,12.58
813221,30.0
813222,30.0
814101,0.0
814102,19.43
814103,7.65
814110,22.65
814111,30.0
814112,0.0
814113,4.72
814114,5.59
814118,10.59
814119,28.55
814120,7.55
814131,30.0
814133,4.52
814141,10.86
814142,21.65
814143,28.72
814144,8.41
814145,10.42
814146,9.74
814147,14.54
814148,30.0
814149,11.35
814150,4.98
814151,4.26
814152,23.77
814153,30.0
814154,12.19
814155,14.43
814156,28.95
814157,23.16
814158,10.91
814160,4.19
814165,0.44
814166,4.97
815301,4.06
815311,30.0
815312,1.56
815313,30.0
815314,17.29
815316,13.24
815317,23.5
815351,30.0
815352,26.84
815353,7.84
815354,18.89
815355,30.0
815357,25.88
815359,11.87
816101,8.68
816102,30.0
816103,15.08
816104,19.27
816105,21.65
816106,7.55
816107,14.45
816108,30.0
816109,30.0
816110,17.41
816116,30.0
816117,6.31
816118,6.49
816120,26.04
816129,30.0
821101,10.97
821102,17.21
821103,6.6
821104,30.0
821105,14.8
821106,15.97
821107,23.08
821108,17.33
821109,13.99
821110,16.73
821111,25.81
821112,30.0
821113,25.35
821115,0.0
821301,21.49
821302,0.0
821304,19.76
821305,12.02
821306,19.97
821307,0.0
821308,14.9
821309,17.71
821310,28.08
821311,23.14
821312,25.41
822101,1.59
822102,30.0
822110,30.0
822111,4.13
822112,16.75
822113,30.0
822114,11.99
822115,30.0
822116,30.0
822118,30.0
822119,27.82
822120,30.0
822121,19.67
822122,30.0
822123,30.0
822124,30.0
822125,16.7
822126,30.0
822128,6.5
822129,4.77
822131,30.0
822132,30.0
822133,14.57
822134,14.7
823001,1.39
823002,16.26
823003,30.0
823004,5.09
823311,19.13
824101,0.0
824102,0.0
824103,0.0
824111,0.0
824112,0.0
824113,0.0
824114,0.0
824115,0.0
824116,30.0
824118,30.0
824120,0.0
824121,30.0
824122,0.0
824123,0.0
824124,0.0
824125,30.0
824127,0.0
824129,0.0
824143,30.0
824201,30.0
824202,2.92
824203,30.0
824205,30.0
824206,0.0
824207,0.0
824208,0.0
824209,3.94
824210,0.0
824211,30.0
824217,26.75
824219,30.0
824220,9.43
824221,30.0
824231,10.82
824232,11.07
824233,13.26
824234,0.93
824235,11.83
824236,11.47
824237,8.98
824301,30.0
824302,0.0
824303,0.0
825101,30.0
825103,15.85
825106,18.76
825108,1.18
825109,30.0
825132,30.0
825301,1.18
825302,30.0
825303,0.5
825311,0.85
825312,7.38
825313,30.0
825314,16.22
825315,30.0
825316,7.14
825317,26.15
825318,10.04
825319,20.96
825321,10.04
825322,22.27
825323,30.0
825324,12.19
825325,6.96
825330,15.18
825336,26.2
825401,3.51
825402,30.0
825403,30.0
825404,30.0
825405,7.14
825406,5.56
825407,6.49
825408,23.94
825409,8.55
825410,8.15
825411,25.43
825412,21.94
825413,15.88
825414,8.37
825418,6.83
826001,22.4
826004,1.73
826006,7.24
826007,2.44
827001,12.72
827009,3.3
827010,30.0
827013,30.0
827302,14.39
828101,6.51
828104,1.88
828106,1.25
828109,15.1
828110,5.05
828111,7.06
828112,14.71
828113,5.98
828114,9.08
828115,3.05
828116,12.03
828117,1.3
828121,9.99
828122,0.13
828125,16.73
828129,3.45
828131,3.32
828134,30.0
828142,11.46
828201,10.86
828202,18.47
828203,30.0
828204,18.2
828205,7.83
828301,3.64
828302,1.46
828303,9.22
828304,7.0
828305,9.55
828306,6.81
828307,30.0
828401,12.74
828402,13.57
829101,5.49
829102,1.95
829103,2.07
829105,7.91
829106,6.05
829107,4.23
829109,22.77
829110,6.47
829111,7.07
829112,18.31
829117,30.0
829118,13.16
829119,6.88
829122,0.0
829127,2.21
829129,22.08
829133,0.0
829134,26.39
829143,25.67
829150,16.78
829201,13.6
829202,3.47
829203,10.71
829204,15.26
829205,25.54
829206,8.1
829207,8.98
829208,30.0
829209,1.09
829210,19.2
829301,4.27
831001,11.78
831002,14.06
831004,4.04
831007,0.0
831012,7.55
832101,30.0
832102,8.39
832104,30.0
832105,25.57
832106,9.71
832107,11.5
832108,5.26
832112,12.71
832301,30.0
832302,30.0
832303,30.0
832304,9.88
832401,14.15
832402,8.67
832403,30.0
832404,24.76
833101,24.26
833102,30.0
833103,30.0
833104,30.0
833105,30.0
833106,30.0
833201,0.0
833202,4.29
833203,30.0
833204,30.0
833214,11.14
833215,30.0
833216,12.83
833217,30.0
833218,19.78
833219,25.0
833220,30.0
833221,25.36
834001,1.67
834002,1.18
834003,18.03
834004,3.56
834006,12.3
834008,30.0
834009,30.0
834010,3.54
834012,11.0
835101,22.5
835102,14.6
835103,8.47
835201,26.15
835202,30.0
835203,26.82
835204,30.0
835205,26.02
835206,21.22
835207,0.7
835208,11.61
835209,24.07
835210,13.65
835211,30.0
835212,30.0
835213,9.28
835214,16.77
835216,28.45
835217,5.28
835218,0.73
835219,18.66
835220,20.22
835221,30.0
835222,14.88
835223,25.79
835224,14.99
835225,26.08
835226,20.03
835227,21.57
835228,30.0
835229,29.96
835230,30.0
835231,30.0
835232,13.96
835233,15.87
835234,22.35
835235,23.38
835301,18.44
835302,21.55
835303,13.72
835325,27.3
841101,8.35
841201,1.5
841202,0.0
841203,0.0
841204,0.0
841205,30.0
841206,30.0
841207,0.27
841208,0.01
841209,0.4
841210,30.0
841211,30.0
841212,0.0
841213,23.0
841214,30.0
841215,0.0
841216,4.14
841217,0.0
841218,0.0
841219,0.0
841220,0.0
841221,0.0
841222,0.0
841223,0.0
841224,0.0
841225,0.0
841226,5.7
841231,0.0
841232,0.0
841233,0.0
841234,0.0
841235,7.71
841236,0.0
841237,14.12
841238,0.0
841239,6.59
841240,0.0
841241,0.0
841242,10.27
841243,0.0
841244,0.0
841245,0.0
841286,0.0
841287,0.0
841301,3.71
841302,30.0
841305,1.23
841311,0.21
841312,27.15
841313,0.24
841316,10.01
841401,0.0
841402,0.0
841403,0.21
841404,0.0
841405,1.64
841406,0.0
841407,21.04
841408,0.0
841409,16.89
841410,9.58
841411,0.0
841412,0.08
841413,5.31
841414,0.0
841415,0.0
841416,0.0
841417,0.0
841419,0.0
841420,22.03
841421,0.0
841422,0.0
841423,0.0
841424,0.0
841425,10.28
841426,13.99
841427,25.84
841428,30.0
841434,0.0
841435,0.0
841436,11.1
841437,11.93
841438,18.9
841439,0.0
841440,11.76
841441,0.02
841442,0.0
841443,0.0
841446,3.14
841460,0.0
841501,23.02
841502,0.0
841503,0.0
841504,0.0
841505,30.0
841506,0.0
841507,0.0
841508,1.56
841509,0.0
842001,30.0
842002,10.1
842003,0.86
842004,4.89
843101,0.07
843102,30.0
843103,8.87
843104,14.11
843105,9.86
843106,18.6
843107,30.0
843108,30.0
843109,4.6
843110,22.15
843111,30.0
843112,30.0
843113,24.73
843114,15.15
843115,27.42
843116,13.08
843117,5.29
843118,8.98
843119,1.15
843120,8.93
843121,6.3
843122,24.79
843123,4.76
843124,19.06
843125,30.0
843126,8.25
843127,18.04
843128,16.71
843129,30.0
843131,30.0
843301,0.0
843302,7.68
843311,1.89
843312,30.0
843313,1.1
843314,4.67
843315,12.35
843316,30.0
843317,30.0
843318,28.61
843319,9.12
843320,10.1
843321,30.0
843322,30.0
843323,15.22
843324,16.85
843325,14.24
843326,4.8
843327,5.62
843328,14.5
843329,8.82
843330,6.98
843331,30.0
843332,13.89
843333,4.92
843334,9.3
843335,7.35
843360,2.4
844101,9.36
844102,5.22
844103,0.63
844111,5.84
844112,23.46
844113,7.7
844114,8.74
844115,1.17
844116,4.99
844117,0.0
844118,14.92
844119,6.79
844120,30.0
844122,8.07
844123,10.49
844124,2.06
844125,5.31
844126,9.16
844127,12.24
844128,24.41
844501,7.41
844502,0.04
844503,2.35
844504,2.5
844505,21.66
844506,7.3
844507,13.32
844508,3.17
844509,0.0
845101,9.2
845103,4.81
845104,30.0
845105,12.25
845106,12.84
845107,4.96
845301,29.82
845302,6.09
845303,14.91
845304,13.18
845305,3.11
845306,30.0
845307,12.03
845315,5.84
845401,27.18
845406,30.0
845411,30.0
845412,30.0
845413,30.0
845414,5.48
845415,21.78
845416,30.0
845417,18.79
845418,1.81
845419,22.39
845420,6.38
845422,16.26
845423,1.41
845424,2.26
845425,6.28
845426,14.32
845427,9.79
845428,12.37
845429,14.68
845430,14.62
845431,3.1
845432,22.66
845433,4.2
845434,12.45
845435,2.13
845436,12.41
845437,2.81
845438,13.4
845440,23.35
845449,8.17
845450,6.59
845451,5.55
845452,20.08
845453,20.06
845454,6.51
845455,11.68
845456,0.56
845457,9.79
845458,8.42
845459,30.0
846001,0.67
846002,30.0
846003,30.0
846004,30.0
846005,30.0
846007,30.0
846009,30.0
847101,30.0
847102,19.74
847103,30.0
847104,30.0
847105,30.0
847106,30.0
847107,30.0
847108,18.81
847109,9.79
847115,30.0
847121,30.0
847122,15.92
847123,30.0
847201,30.0
847202,30.0
847203,30.0
847204,30.0
847211,0.15
847212,30.0
847213,26.76
847214,18.9
847215,13.57
847222,19.92
847223,17.17
847224,20.16
847225,18.15
847226,19.69
847227,22.15
847228,20.52
847229,13.78
847230,18.65
847231,13.15
847232,19.53
847233,30.0
847234,29.69
847235,20.55
847236,8.42
847238,16.85
847239,19.37
847240,20.7
847301,30.0
847302,30.0
847303,27.28
847304,30.0
847305,18.58
847306,30.0
847307,30.0
847308,13.29
847337,30.0
847401,16.16
847402,24.25
847403,12.24
847404,20.99
847405,30.0
847407,30.0
847408,20.07
847409,16.37
847410,30.0
847411,21.13
847421,23.1
847422,30.0
847423,9.12
847424,17.65
847427,30.0
847428,20.22
847429,30.0
847451,30.0
847452,20.55
848101,0.06
848102,0.0
848113,0.0
848114,0.0
848115,0.0
848117,0.0
848121,0.0
848122,0.0
848125,0.0
848127,0.0
848129,0.0
848130,0.0
848131,0.0
848132,0.0
848133,0.0
848134,0.0
848160,0.0
848201,0.0
848202,0.0
848203,0.0
848204,0.0
848205,0.0
848206,0.0
848207,0.0
848208,0.0
848209,0.0
848210,0.04
848211,0.0
848213,0.0
848216,0.0
848236,0.0
848301,0.0
848302,0.15
848501,0.0
848502,0.0
848503,0.0
848504,0.0
848505,0.0
848506,0.0
851101,0.0
851111,0.0
851112,16.44
851113,0.0
851116,0.0
851117,0.0
851118,0.0
851120,3.01
851126,0.0
851127,0.0
851128,0.0
851129,3.6
851130,9.06
851131,0.0
851132,0.0
851133,9.63
851134,3.09
851201,0.0
851202,0.0
851203,4.71
851204,2.69
851205,2.96
851210,0.0
851211,2.95
851212,13.38
851213,0.0
851214,5.57
851215,10.12
851216,0.0
851217,4.5
851218,0.0
852101,5.17
852105,0.38
852106,5.12
852107,3.98
852108,14.85
852109,14.83
852110,13.26
852111,15.42
852112,15.15
852113,5.68
852114,7.06
852115,25.48
852116,11.65
852121,5.06
852122,8.67
852123,16.22
852124,3.99
852125,10.9
852126,9.37
852127,3.87
852128,3.24
852129,14.38
852130,4.13
852131,5.7
852132,7.96
852133,30.0
852137,15.21
852138,5.66
852139,13.64
852161,0.0
852201,0.34
852202,0.12
852212,9.58
852213,8.38
852214,5.37
852215,18.18
852216,11.79
852217,6.89
852218,19.58
852219,4.25
852220,16.53
852221,5.36
853201,30.0
853202,30.0
853203,26.49
853204,30.0
853205,30.0
854101,0.0
854102,19.58
854103,0.0
854104,0.0
854105,0.51
854106,0.0
854107,0.0
854108,0.0
854112,0.0
854113,0.0
854114,0.0
854115,0.0
854116,0.0
854117,0.0
854201,30.0
854202,8.92
854203,18.59
854204,30.0
854205,11.79
854301,0.48
854303,4.83
854304,30.0
854306,21.77
854311,4.63
854312,6.69
854315,30.0
854316,30.0
854317,0.0
854318,30.0
854325,30.0
854326,8.12
854327,6.17
854328,30.0
854329,16.61
854330,8.03
854331,14.14
854332,8.0
854333,30.0
854334,30.0
854335,30.0
854336,30.0
854337,30.0
854338,30.0
854339,14.82
854340,26.91
855101,6.78
855102,0.0
855105,0.0
855107,0.0
855108,0.0
855113,0.0
855114,0.0
855115,0.0
855116,0.0
855117,0.0
